method,K,instance,objective,full_objective,objective_ratio,time,success,case,title,family,intrinsic_K,message
Full,5,packing_test_00000,233.265568273414,233.265568273414,1.0,0.0070868999464437,1.0,packing,Packing,packing,,
Full,5,packing_test_00001,229.78207164671875,229.78207164671875,1.0,0.0053006999660283,1.0,packing,Packing,packing,,
Full,5,packing_test_00002,231.24999524898823,231.24999524898823,1.0,0.0046898999717086,1.0,packing,Packing,packing,,
Full,5,packing_test_00003,232.05269552777483,232.05269552777483,1.0,0.0047402000054717,1.0,packing,Packing,packing,,
Full,5,packing_test_00004,230.3178565095968,230.3178565095968,1.0,0.0051495999796316,1.0,packing,Packing,packing,,
Full,5,packing_test_00005,231.347256450289,231.347256450289,1.0,0.005426499992609,1.0,packing,Packing,packing,,
Full,5,packing_test_00006,231.39856840294945,231.39856840294945,1.0,0.0050596001092344,1.0,packing,Packing,packing,,
Full,5,packing_test_00007,229.4264603199824,229.4264603199824,1.0,0.004795299959369,1.0,packing,Packing,packing,,
Full,5,packing_test_00008,230.84790939045772,230.84790939045772,1.0,0.0051976999966427,1.0,packing,Packing,packing,,
Full,5,packing_test_00009,230.22174634721085,230.22174634721085,1.0,0.0048745999811217,1.0,packing,Packing,packing,,
Full,5,packing_test_00010,230.09828997400095,230.09828997400095,1.0,0.0044378000311553,1.0,packing,Packing,packing,,
Full,5,packing_test_00011,230.9602508662536,230.9602508662536,1.0,0.0050246000755578,1.0,packing,Packing,packing,,
Full,10,packing_test_00000,233.265568273414,233.265568273414,1.0,0.0070868999464437,1.0,packing,Packing,packing,,
Full,10,packing_test_00001,229.78207164671875,229.78207164671875,1.0,0.0053006999660283,1.0,packing,Packing,packing,,
Full,10,packing_test_00002,231.24999524898823,231.24999524898823,1.0,0.0046898999717086,1.0,packing,Packing,packing,,
Full,10,packing_test_00003,232.05269552777483,232.05269552777483,1.0,0.0047402000054717,1.0,packing,Packing,packing,,
Full,10,packing_test_00004,230.3178565095968,230.3178565095968,1.0,0.0051495999796316,1.0,packing,Packing,packing,,
Full,10,packing_test_00005,231.347256450289,231.347256450289,1.0,0.005426499992609,1.0,packing,Packing,packing,,
Full,10,packing_test_00006,231.39856840294945,231.39856840294945,1.0,0.0050596001092344,1.0,packing,Packing,packing,,
Full,10,packing_test_00007,229.4264603199824,229.4264603199824,1.0,0.004795299959369,1.0,packing,Packing,packing,,
Full,10,packing_test_00008,230.84790939045772,230.84790939045772,1.0,0.0051976999966427,1.0,packing,Packing,packing,,
Full,10,packing_test_00009,230.22174634721085,230.22174634721085,1.0,0.0048745999811217,1.0,packing,Packing,packing,,
Full,10,packing_test_00010,230.09828997400095,230.09828997400095,1.0,0.0044378000311553,1.0,packing,Packing,packing,,
Full,10,packing_test_00011,230.9602508662536,230.9602508662536,1.0,0.0050246000755578,1.0,packing,Packing,packing,,
Full,20,packing_test_00000,233.265568273414,233.265568273414,1.0,0.0070868999464437,1.0,packing,Packing,packing,,
Full,20,packing_test_00001,229.78207164671875,229.78207164671875,1.0,0.0053006999660283,1.0,packing,Packing,packing,,
Full,20,packing_test_00002,231.24999524898823,231.24999524898823,1.0,0.0046898999717086,1.0,packing,Packing,packing,,
Full,20,packing_test_00003,232.05269552777483,232.05269552777483,1.0,0.0047402000054717,1.0,packing,Packing,packing,,
Full,20,packing_test_00004,230.3178565095968,230.3178565095968,1.0,0.0051495999796316,1.0,packing,Packing,packing,,
Full,20,packing_test_00005,231.347256450289,231.347256450289,1.0,0.005426499992609,1.0,packing,Packing,packing,,
Full,20,packing_test_00006,231.39856840294945,231.39856840294945,1.0,0.0050596001092344,1.0,packing,Packing,packing,,
Full,20,packing_test_00007,229.4264603199824,229.4264603199824,1.0,0.004795299959369,1.0,packing,Packing,packing,,
Full,20,packing_test_00008,230.84790939045772,230.84790939045772,1.0,0.0051976999966427,1.0,packing,Packing,packing,,
Full,20,packing_test_00009,230.22174634721085,230.22174634721085,1.0,0.0048745999811217,1.0,packing,Packing,packing,,
Full,20,packing_test_00010,230.09828997400095,230.09828997400095,1.0,0.0044378000311553,1.0,packing,Packing,packing,,
Full,20,packing_test_00011,230.9602508662536,230.9602508662536,1.0,0.0050246000755578,1.0,packing,Packing,packing,,
Full,30,packing_test_00000,233.265568273414,233.265568273414,1.0,0.0070868999464437,1.0,packing,Packing,packing,,
Full,30,packing_test_00001,229.78207164671875,229.78207164671875,1.0,0.0053006999660283,1.0,packing,Packing,packing,,
Full,30,packing_test_00002,231.24999524898823,231.24999524898823,1.0,0.0046898999717086,1.0,packing,Packing,packing,,
Full,30,packing_test_00003,232.05269552777483,232.05269552777483,1.0,0.0047402000054717,1.0,packing,Packing,packing,,
Full,30,packing_test_00004,230.3178565095968,230.3178565095968,1.0,0.0051495999796316,1.0,packing,Packing,packing,,
Full,30,packing_test_00005,231.347256450289,231.347256450289,1.0,0.005426499992609,1.0,packing,Packing,packing,,
Full,30,packing_test_00006,231.39856840294945,231.39856840294945,1.0,0.0050596001092344,1.0,packing,Packing,packing,,
Full,30,packing_test_00007,229.4264603199824,229.4264603199824,1.0,0.004795299959369,1.0,packing,Packing,packing,,
Full,30,packing_test_00008,230.84790939045772,230.84790939045772,1.0,0.0051976999966427,1.0,packing,Packing,packing,,
Full,30,packing_test_00009,230.22174634721085,230.22174634721085,1.0,0.0048745999811217,1.0,packing,Packing,packing,,
Full,30,packing_test_00010,230.09828997400095,230.09828997400095,1.0,0.0044378000311553,1.0,packing,Packing,packing,,
Full,30,packing_test_00011,230.9602508662536,230.9602508662536,1.0,0.0050246000755578,1.0,packing,Packing,packing,,
Full,40,packing_test_00000,233.265568273414,233.265568273414,1.0,0.0070868999464437,1.0,packing,Packing,packing,,
Full,40,packing_test_00001,229.78207164671875,229.78207164671875,1.0,0.0053006999660283,1.0,packing,Packing,packing,,
Full,40,packing_test_00002,231.24999524898823,231.24999524898823,1.0,0.0046898999717086,1.0,packing,Packing,packing,,
Full,40,packing_test_00003,232.05269552777483,232.05269552777483,1.0,0.0047402000054717,1.0,packing,Packing,packing,,
Full,40,packing_test_00004,230.3178565095968,230.3178565095968,1.0,0.0051495999796316,1.0,packing,Packing,packing,,
Full,40,packing_test_00005,231.347256450289,231.347256450289,1.0,0.005426499992609,1.0,packing,Packing,packing,,
Full,40,packing_test_00006,231.39856840294945,231.39856840294945,1.0,0.0050596001092344,1.0,packing,Packing,packing,,
Full,40,packing_test_00007,229.4264603199824,229.4264603199824,1.0,0.004795299959369,1.0,packing,Packing,packing,,
Full,40,packing_test_00008,230.84790939045772,230.84790939045772,1.0,0.0051976999966427,1.0,packing,Packing,packing,,
Full,40,packing_test_00009,230.22174634721085,230.22174634721085,1.0,0.0048745999811217,1.0,packing,Packing,packing,,
Full,40,packing_test_00010,230.09828997400095,230.09828997400095,1.0,0.0044378000311553,1.0,packing,Packing,packing,,
Full,40,packing_test_00011,230.9602508662536,230.9602508662536,1.0,0.0050246000755578,1.0,packing,Packing,packing,,
Full,50,packing_test_00000,233.265568273414,233.265568273414,1.0,0.0070868999464437,1.0,packing,Packing,packing,,
Full,50,packing_test_00001,229.78207164671875,229.78207164671875,1.0,0.0053006999660283,1.0,packing,Packing,packing,,
Full,50,packing_test_00002,231.24999524898823,231.24999524898823,1.0,0.0046898999717086,1.0,packing,Packing,packing,,
Full,50,packing_test_00003,232.05269552777483,232.05269552777483,1.0,0.0047402000054717,1.0,packing,Packing,packing,,
Full,50,packing_test_00004,230.3178565095968,230.3178565095968,1.0,0.0051495999796316,1.0,packing,Packing,packing,,
Full,50,packing_test_00005,231.347256450289,231.347256450289,1.0,0.005426499992609,1.0,packing,Packing,packing,,
Full,50,packing_test_00006,231.39856840294945,231.39856840294945,1.0,0.0050596001092344,1.0,packing,Packing,packing,,
Full,50,packing_test_00007,229.4264603199824,229.4264603199824,1.0,0.004795299959369,1.0,packing,Packing,packing,,
Full,50,packing_test_00008,230.84790939045772,230.84790939045772,1.0,0.0051976999966427,1.0,packing,Packing,packing,,
Full,50,packing_test_00009,230.22174634721085,230.22174634721085,1.0,0.0048745999811217,1.0,packing,Packing,packing,,
Full,50,packing_test_00010,230.09828997400095,230.09828997400095,1.0,0.0044378000311553,1.0,packing,Packing,packing,,
Full,50,packing_test_00011,230.9602508662536,230.9602508662536,1.0,0.0050246000755578,1.0,packing,Packing,packing,,
Rand,5,packing_test_00000,3.9724891282627497,233.265568273414,0.0170298992588847,0.0032490000594407,1.0,packing,Packing,packing,,
Rand,5,packing_test_00001,4.265181194635084,229.78207164671875,0.0185618536906249,0.0045670999679714,1.0,packing,Packing,packing,,
Rand,5,packing_test_00002,3.807050622975928,231.24999524898823,0.0164629219510982,0.0027561000315472,1.0,packing,Packing,packing,,
Rand,5,packing_test_00003,4.163716880364208,232.05269552777483,0.0179429800239741,0.0026935000205412,1.0,packing,Packing,packing,,
Rand,5,packing_test_00004,4.160426820575632,230.3178565095968,0.0180638482991538,0.0030820000683888,1.0,packing,Packing,packing,,
Rand,5,packing_test_00005,4.069571890488145,231.347256450289,0.0175907506011967,0.0029232999077066,1.0,packing,Packing,packing,,
Rand,5,packing_test_00006,4.009273601626156,231.39856840294945,0.0173262679596381,0.0029247000347822,1.0,packing,Packing,packing,,
Rand,5,packing_test_00007,3.9009545551413978,229.4264603199824,0.0170030717019332,0.0025847000069916,1.0,packing,Packing,packing,,
Rand,5,packing_test_00008,4.211941513494284,230.84790939045772,0.0182455259162437,0.0022664000280201,1.0,packing,Packing,packing,,
Rand,5,packing_test_00009,3.9436287424287735,230.22174634721085,0.0171296969334997,0.0023522999836131,1.0,packing,Packing,packing,,
Rand,5,packing_test_00010,3.64463161378819,230.09828997400095,0.0158394554527111,0.0031189000001177,1.0,packing,Packing,packing,,
Rand,5,packing_test_00011,3.7648003916419657,230.9602508662536,0.0163006421127509,0.0027993000112473,1.0,packing,Packing,packing,,
Rand,5,packing_test_00000,3.736352445649669,233.265568273414,0.0160175909085314,0.0030748000135645,1.0,packing,Packing,packing,,
Rand,5,packing_test_00001,3.954917933985689,229.78207164671875,0.0172116036105124,0.0026122999843209,1.0,packing,Packing,packing,,
Rand,5,packing_test_00002,3.842533635835852,231.24999524898823,0.0166163620098611,0.0024404000723734,1.0,packing,Packing,packing,,
Rand,5,packing_test_00003,3.935195517486018,232.05269552777483,0.0169581978288849,0.0027868000324815,1.0,packing,Packing,packing,,
Rand,5,packing_test_00004,4.1108288370928125,230.3178565095968,0.0178485024973368,0.0026553999632596,1.0,packing,Packing,packing,,
Rand,5,packing_test_00005,3.933697416345322,231.347256450289,0.0170034323151378,0.0023608000483363,1.0,packing,Packing,packing,,
Rand,5,packing_test_00006,4.143251658396402,231.39856840294945,0.017905260551057,0.0027433999348431,1.0,packing,Packing,packing,,
Rand,5,packing_test_00007,3.9634120132145783,229.4264603199824,0.0172753047215512,0.0028122999938204,1.0,packing,Packing,packing,,
Rand,5,packing_test_00008,3.812736768180352,230.84790939045772,0.0165162282744846,0.0025712000206112,1.0,packing,Packing,packing,,
Rand,5,packing_test_00009,4.186427254587785,230.22174634721085,0.0181843258554471,0.0033281999640166,1.0,packing,Packing,packing,,
Rand,5,packing_test_00010,3.9330221904308464,230.09828997400095,0.0170927919145998,0.0023259000154212,1.0,packing,Packing,packing,,
Rand,5,packing_test_00011,4.087820002632841,230.9602508662536,0.0176992360689807,0.0038467999547719,1.0,packing,Packing,packing,,
Rand,5,packing_test_00000,0.0,233.265568273414,0.0,0.0028014999115839,1.0,packing,Packing,packing,,
Rand,5,packing_test_00001,0.0,229.78207164671875,0.0,0.0026339000323787,1.0,packing,Packing,packing,,
Rand,5,packing_test_00002,0.0,231.24999524898823,0.0,0.0030140000162646,1.0,packing,Packing,packing,,
Rand,5,packing_test_00003,0.0,232.05269552777483,0.0,0.002995099988766,1.0,packing,Packing,packing,,
Rand,5,packing_test_00004,0.0,230.3178565095968,0.0,0.0038951999740675,1.0,packing,Packing,packing,,
Rand,5,packing_test_00005,0.0,231.347256450289,0.0,0.0027030000928789,1.0,packing,Packing,packing,,
Rand,5,packing_test_00006,0.0,231.39856840294945,0.0,0.0026719000888988,1.0,packing,Packing,packing,,
Rand,5,packing_test_00007,0.0,229.4264603199824,0.0,0.0040323999710381,1.0,packing,Packing,packing,,
Rand,5,packing_test_00008,0.0,230.84790939045772,0.0,0.0029226000187918,1.0,packing,Packing,packing,,
Rand,5,packing_test_00009,0.0,230.22174634721085,0.0,0.0033116999547928,1.0,packing,Packing,packing,,
Rand,5,packing_test_00010,0.0,230.09828997400095,0.0,0.0026003000093623,1.0,packing,Packing,packing,,
Rand,5,packing_test_00011,0.0,230.9602508662536,0.0,0.0026163000147789,1.0,packing,Packing,packing,,
PCA,5,packing_test_00000,228.3741626537557,233.265568273414,0.9790307431316868,0.0056907000252977,1.0,packing,Packing,packing,,
PCA,5,packing_test_00001,226.40408130757112,229.78207164671875,0.9852991562181528,0.0051976999966427,1.0,packing,Packing,packing,,
PCA,5,packing_test_00002,227.29080857606323,231.24999524898823,0.982879192413984,0.0058401999995112,1.0,packing,Packing,packing,,
PCA,5,packing_test_00003,226.6713373596468,232.05269552777483,0.976809757991008,0.0058039999566972,1.0,packing,Packing,packing,,
PCA,5,packing_test_00004,226.67530819875932,230.3178565095968,0.9841846899496232,0.0066137999529019,1.0,packing,Packing,packing,,
PCA,5,packing_test_00005,226.3273107892905,231.347256450289,0.9783012526795312,0.0056074999738484,1.0,packing,Packing,packing,,
PCA,5,packing_test_00006,226.19983016676105,231.39856840294945,0.9775334036330964,0.0064120000461116,1.0,packing,Packing,packing,,
PCA,5,packing_test_00007,226.3101058183452,229.4264603199824,0.9864167607463812,0.0081357000162824,1.0,packing,Packing,packing,,
PCA,5,packing_test_00008,226.3962902271508,230.84790939045772,0.9807162249159576,0.0048318000044673,1.0,packing,Packing,packing,,
PCA,5,packing_test_00009,227.26384025181315,230.22174634721085,0.987151925731044,0.005584199912846,1.0,packing,Packing,packing,,
PCA,5,packing_test_00010,226.9655650505716,230.09828997400095,0.9863852750762148,0.0060999999986961,1.0,packing,Packing,packing,,
PCA,5,packing_test_00011,226.46773020829252,230.9602508662536,0.9805485115247706,0.0138955999864265,1.0,packing,Packing,packing,,
SGA,5,packing_test_00000,226.9146620251995,233.265568273414,0.9727739233217202,0.0056204999564215,1.0,packing,Packing,packing,,
SGA,5,packing_test_00001,225.3481680895516,229.78207164671875,0.9807038750874172,0.0073451999342069,1.0,packing,Packing,packing,,
SGA,5,packing_test_00002,225.70989604711852,231.24999524898823,0.9760428137699868,0.005643600015901,1.0,packing,Packing,packing,,
SGA,5,packing_test_00003,225.933662878576,232.05269552777483,0.9736308486515018,0.0054999999701976,1.0,packing,Packing,packing,,
SGA,5,packing_test_00004,226.22631560751253,230.3178565095968,0.982235242355541,0.007205200032331,1.0,packing,Packing,packing,,
SGA,5,packing_test_00005,225.4876168484352,231.347256450289,0.9746716702339072,0.009271000046283,1.0,packing,Packing,packing,,
SGA,5,packing_test_00006,225.15340959395203,231.39856840294945,0.9730112469921496,0.0067749000154435,1.0,packing,Packing,packing,,
SGA,5,packing_test_00007,225.68350691303823,229.4264603199824,0.9836856071364924,0.0060401000082492,1.0,packing,Packing,packing,,
SGA,5,packing_test_00008,225.86242895828923,230.84790939045772,0.9784036145472036,0.0050550000742077,1.0,packing,Packing,packing,,
SGA,5,packing_test_00009,225.42757901024737,230.22174634721085,0.979175871032908,0.0065097999759018,1.0,packing,Packing,packing,,
SGA,5,packing_test_00010,225.73792441156812,230.09828997400095,0.9810499871036612,0.0062249000184237,1.0,packing,Packing,packing,,
SGA,5,packing_test_00011,225.2953922996536,230.9602508662536,0.9754725822068818,0.0056298000272363,1.0,packing,Packing,packing,,
CostOnly,5,packing_test_00000,218.8732296750252,233.265568273414,0.9383006300290349,0.0072481000097468,1.0,packing,Packing,packing,,
CostOnly,5,packing_test_00001,218.3336893218332,229.78207164671875,0.950177216860996,0.0067165000364184,1.0,packing,Packing,packing,,
CostOnly,5,packing_test_00002,219.36468867220088,231.24999524898823,0.9486040786120218,0.0064304000698029,1.0,packing,Packing,packing,,
CostOnly,5,packing_test_00003,218.80207052951977,232.05269552777483,0.942898206943392,0.0101542000193148,1.0,packing,Packing,packing,,
CostOnly,5,packing_test_00004,217.85335533983903,230.3178565095968,0.9458813078644712,0.0089143000077456,1.0,packing,Packing,packing,,
CostOnly,5,packing_test_00005,218.9161891708097,231.347256450289,0.946266631944475,0.0089733999921008,1.0,packing,Packing,packing,,
CostOnly,5,packing_test_00006,218.54116388214723,231.39856840294945,0.944436110346142,0.0064950999803841,1.0,packing,Packing,packing,,
CostOnly,5,packing_test_00007,217.84683379039592,229.4264603199824,0.9495279380005416,0.0100734999869018,1.0,packing,Packing,packing,,
CostOnly,5,packing_test_00008,217.8597623642405,230.84790939045772,0.9437372118269912,0.006942700012587,1.0,packing,Packing,packing,,
CostOnly,5,packing_test_00009,217.85725160421384,230.22174634721085,0.9462931068016948,0.0069452999159693,1.0,packing,Packing,packing,,
CostOnly,5,packing_test_00010,218.21509097045524,230.09828997400095,0.9483559873265966,0.0088968999916687,1.0,packing,Packing,packing,,
CostOnly,5,packing_test_00011,218.54854513438823,230.9602508662536,0.9462604249635456,0.0070619001053273,1.0,packing,Packing,packing,,
Rand,10,packing_test_00000,12.183434822669492,233.265568273414,0.0522298893610784,0.0031715999357402,1.0,packing,Packing,packing,,
Rand,10,packing_test_00001,12.386866837845474,229.78207164671875,0.0539070204610645,0.0058353999629616,1.0,packing,Packing,packing,,
Rand,10,packing_test_00002,12.274439914464608,231.24999524898823,0.0530786601800732,0.0039572999812662,1.0,packing,Packing,packing,,
Rand,10,packing_test_00003,11.672432463311942,232.05269552777483,0.0503007837800136,0.0025944999651983,1.0,packing,Packing,packing,,
Rand,10,packing_test_00004,12.62278877498664,230.3178565095968,0.0548059493357636,0.0067040999419987,1.0,packing,Packing,packing,,
Rand,10,packing_test_00005,11.778936329792831,231.347256450289,0.0509145278423642,0.003865500097163,1.0,packing,Packing,packing,,
Rand,10,packing_test_00006,12.535702180699149,231.39856840294945,0.0541736375778691,0.005117499968037,1.0,packing,Packing,packing,,
Rand,10,packing_test_00007,12.087032830082157,229.4264603199824,0.0526836913807775,0.0031695000361651,1.0,packing,Packing,packing,,
Rand,10,packing_test_00008,12.081999793635209,230.84790939045772,0.0523374884595538,0.0028886999934911,1.0,packing,Packing,packing,,
Rand,10,packing_test_00009,12.170989744374436,230.22174634721085,0.0528663774707826,0.0032117000082507,1.0,packing,Packing,packing,,
Rand,10,packing_test_00010,11.93215686086056,230.09828997400095,0.0518567819961147,0.0036711000138893,1.0,packing,Packing,packing,,
Rand,10,packing_test_00011,12.254888083172355,230.9602508662536,0.0530605939212848,0.0038987000007182,1.0,packing,Packing,packing,,
Rand,10,packing_test_00000,16.297962378592423,233.265568273414,0.0698687015800349,0.0046973000280559,1.0,packing,Packing,packing,,
Rand,10,packing_test_00001,16.174755598222056,229.78207164671875,0.0703917215225134,0.0042882999405264,1.0,packing,Packing,packing,,
Rand,10,packing_test_00002,16.238251734591802,231.24999524898823,0.07021946840305,0.0036768000572919,1.0,packing,Packing,packing,,
Rand,10,packing_test_00003,16.726091750953046,232.05269552777483,0.0720788513699944,0.0048684999346733,1.0,packing,Packing,packing,,
Rand,10,packing_test_00004,16.182702952191704,230.3178565095968,0.0702624763769343,0.0036034000804647,1.0,packing,Packing,packing,,
Rand,10,packing_test_00005,16.163061983553717,231.347256450289,0.0698649391030352,0.0059813000261783,1.0,packing,Packing,packing,,
Rand,10,packing_test_00006,16.01518842726969,231.39856840294945,0.069210404099741,0.0072301999898627,1.0,packing,Packing,packing,,
Rand,10,packing_test_00007,16.348488639262364,229.4264603199824,0.0712580781504497,0.0022438999731093,1.0,packing,Packing,packing,,
Rand,10,packing_test_00008,15.85671950943645,230.84790939045772,0.0686890323213466,0.0065772000234574,1.0,packing,Packing,packing,,
Rand,10,packing_test_00009,16.202036972726646,230.22174634721085,0.0703757886897939,0.0066746000666171,1.0,packing,Packing,packing,,
Rand,10,packing_test_00010,16.884269435651362,230.09828997400095,0.0733785089735309,0.0021882000146433,1.0,packing,Packing,packing,,
Rand,10,packing_test_00011,16.339144679234003,230.9602508662536,0.0707444013329194,0.0066577999386936,1.0,packing,Packing,packing,,
Rand,10,packing_test_00000,12.58742783898821,233.265568273414,0.0539617909842326,0.0050615000072866,1.0,packing,Packing,packing,,
Rand,10,packing_test_00001,12.225302883582303,229.78207164671875,0.0532039022712713,0.0030744000105187,1.0,packing,Packing,packing,,
Rand,10,packing_test_00002,12.077779882134449,231.24999524898823,0.0522282384011737,0.0054007999133318,1.0,packing,Packing,packing,,
Rand,10,packing_test_00003,12.643092194417854,232.05269552777483,0.0544837118382215,0.0039570999797433,1.0,packing,Packing,packing,,
Rand,10,packing_test_00004,12.543421840547593,230.3178565095968,0.0544613519361445,0.0036963999737054,1.0,packing,Packing,packing,,
Rand,10,packing_test_00005,12.214055841538624,231.347256450289,0.0527953347229909,0.0074748999904841,1.0,packing,Packing,packing,,
Rand,10,packing_test_00006,12.333319976928353,231.39856840294945,0.0532990331878438,0.0030068999622017,1.0,packing,Packing,packing,,
Rand,10,packing_test_00007,12.425387126389968,229.4264603199824,0.0541584746112554,0.0047583000268787,1.0,packing,Packing,packing,,
Rand,10,packing_test_00008,12.23274298701946,230.84790939045772,0.0529904863306728,0.003851699992083,1.0,packing,Packing,packing,,
Rand,10,packing_test_00009,12.356079249291074,230.22174634721085,0.0536703393373454,0.0032015999313443,1.0,packing,Packing,packing,,
Rand,10,packing_test_00010,12.273458729959083,230.09828997400095,0.0533400692866769,0.0056706999894231,1.0,packing,Packing,packing,,
Rand,10,packing_test_00011,11.996428647106557,230.9602508662536,0.0519415293415729,0.0041737999999895,1.0,packing,Packing,packing,,
PCA,10,packing_test_00000,228.7365270309491,233.265568273414,0.9805841844727108,0.0075865999097004,1.0,packing,Packing,packing,,
PCA,10,packing_test_00001,227.29431117249072,229.78207164671875,0.989173391742882,0.0088897999376058,1.0,packing,Packing,packing,,
PCA,10,packing_test_00002,227.93843164910425,231.24999524898823,0.9856797246792658,0.0073540000012144,1.0,packing,Packing,packing,,
PCA,10,packing_test_00003,227.4187371088881,232.05269552777483,0.9800305770706634,0.0061445999890565,1.0,packing,Packing,packing,,
PCA,10,packing_test_00004,227.30888922786656,230.3178565095968,0.9869355883762976,0.0088691998971626,1.0,packing,Packing,packing,,
PCA,10,packing_test_00005,227.4243652825708,231.347256450289,0.9830432777638703,0.009995499975048,1.0,packing,Packing,packing,,
PCA,10,packing_test_00006,227.18180237466868,231.39856840294945,0.981777043577306,0.0069211999652907,1.0,packing,Packing,packing,,
PCA,10,packing_test_00007,226.59521158402293,229.4264603199824,0.9876594498646292,0.0069034000625833,1.0,packing,Packing,packing,,
PCA,10,packing_test_00008,227.49163189289277,230.84790939045772,0.985461087750688,0.0091592000098899,1.0,packing,Packing,packing,,
PCA,10,packing_test_00009,228.31919420328663,230.22174634721085,0.9917360015979776,0.0070798000087961,1.0,packing,Packing,packing,,
PCA,10,packing_test_00010,227.48354854643475,230.09828997400095,0.9886364152125524,0.0067331000464037,1.0,packing,Packing,packing,,
PCA,10,packing_test_00011,227.029931194202,230.9602508662536,0.9829827008876624,0.0070260000647976,1.0,packing,Packing,packing,,
SGA,10,packing_test_00000,226.9146620251995,233.265568273414,0.9727739233217202,0.0066671000095084,1.0,packing,Packing,packing,,
SGA,10,packing_test_00001,225.3481680895515,229.78207164671875,0.9807038750874169,0.0074235999491065,1.0,packing,Packing,packing,,
SGA,10,packing_test_00002,225.70989604711852,231.24999524898823,0.9760428137699868,0.0067283000098541,1.0,packing,Packing,packing,,
SGA,10,packing_test_00003,225.9336628785759,232.05269552777483,0.9736308486515016,0.0077197999926283,1.0,packing,Packing,packing,,
SGA,10,packing_test_00004,226.22631560751245,230.3178565095968,0.9822352423555408,0.0094981000293046,1.0,packing,Packing,packing,,
SGA,10,packing_test_00005,225.48761684843535,231.347256450289,0.9746716702339078,0.0076306000119075,1.0,packing,Packing,packing,,
SGA,10,packing_test_00006,225.15340959395195,231.39856840294945,0.9730112469921492,0.0068035000003874,1.0,packing,Packing,packing,,
SGA,10,packing_test_00007,225.68350691303817,229.4264603199824,0.983685607136492,0.0063385999528691,1.0,packing,Packing,packing,,
SGA,10,packing_test_00008,225.8624289582891,230.84790939045772,0.9784036145472031,0.0069689999800175,1.0,packing,Packing,packing,,
SGA,10,packing_test_00009,225.42757901024729,230.22174634721085,0.9791758710329076,0.006457700044848,1.0,packing,Packing,packing,,
SGA,10,packing_test_00010,225.73792441156803,230.09828997400095,0.9810499871036606,0.0071159999351948,1.0,packing,Packing,packing,,
SGA,10,packing_test_00011,225.2953922996535,230.9602508662536,0.9754725822068816,0.0061704000690951,1.0,packing,Packing,packing,,
CostOnly,10,packing_test_00000,220.40818594024364,233.265568273414,0.944880925083208,0.0085375001654028,1.0,packing,Packing,packing,,
CostOnly,10,packing_test_00001,218.52358155930511,229.78207164671875,0.9510036183122104,0.0080599000211805,1.0,packing,Packing,packing,,
CostOnly,10,packing_test_00002,219.5147587972036,231.24999524898823,0.949253030517258,0.0091488000471144,1.0,packing,Packing,packing,,
CostOnly,10,packing_test_00003,221.12977961370504,232.05269552777483,0.9529291573656278,0.0072014000033959,1.0,packing,Packing,packing,,
CostOnly,10,packing_test_00004,219.5616762257416,230.3178565095968,0.953298539475566,0.0078343999339267,1.0,packing,Packing,packing,,
CostOnly,10,packing_test_00005,218.9161891708097,231.347256450289,0.946266631944475,0.0084300000453367,1.0,packing,Packing,packing,,
CostOnly,10,packing_test_00006,219.79465731242536,231.39856840294945,0.9498531422618076,0.007643699995242,1.0,packing,Packing,packing,,
CostOnly,10,packing_test_00007,218.1456440442947,229.4264603199824,0.9508303608051388,0.0078206000616773,1.0,packing,Packing,packing,,
CostOnly,10,packing_test_00008,219.48670878644,230.84790939045772,0.9507849101427148,0.0066234999103471,1.0,packing,Packing,packing,,
CostOnly,10,packing_test_00009,220.0131720733942,230.22174634721085,0.9556576455708902,0.0070572000695392,1.0,packing,Packing,packing,,
CostOnly,10,packing_test_00010,218.8130833212184,230.09828997400095,0.9509548434538228,0.0065603000111877,1.0,packing,Packing,packing,,
CostOnly,10,packing_test_00011,220.2469061658788,230.9602508662536,0.9536139025646504,0.0070291999727487,1.0,packing,Packing,packing,,
Rand,20,packing_test_00000,25.013176938035933,233.265568273414,0.1072304717887795,0.0038995000068098,1.0,packing,Packing,packing,,
Rand,20,packing_test_00001,23.72300495849089,229.78207164671875,0.1032413224777784,0.0039577999850735,1.0,packing,Packing,packing,,
Rand,20,packing_test_00002,24.10938951529833,231.24999524898823,0.104256821667562,0.0035901999799534,1.0,packing,Packing,packing,,
Rand,20,packing_test_00003,23.891534470713207,232.05269552777483,0.1029573667152407,0.0030019999248906,1.0,packing,Packing,packing,,
Rand,20,packing_test_00004,24.557013838022694,230.3178565095968,0.1066222750166983,0.003394900006242,1.0,packing,Packing,packing,,
Rand,20,packing_test_00005,23.317419222868228,231.347256450289,0.1007896941621116,0.0041974000632762,1.0,packing,Packing,packing,,
Rand,20,packing_test_00006,23.81832090515838,231.39856840294945,0.1029320149625212,0.0025783000746741,1.0,packing,Packing,packing,,
Rand,20,packing_test_00007,24.091966273568342,229.4264603199824,0.1050095365633377,0.0050756999989971,1.0,packing,Packing,packing,,
Rand,20,packing_test_00008,23.98051616209221,230.84790939045772,0.1038801530644637,0.0029359000036492,1.0,packing,Packing,packing,,
Rand,20,packing_test_00009,25.283769636208422,230.22174634721085,0.1098235507173874,0.0033218000316992,1.0,packing,Packing,packing,,
Rand,20,packing_test_00010,24.36745758413165,230.09828997400095,0.1059002115438795,0.0029567999299615,1.0,packing,Packing,packing,,
Rand,20,packing_test_00011,24.86735699900214,230.9602508662536,0.1076694232264345,0.0028228000737726,1.0,packing,Packing,packing,,
Rand,20,packing_test_00000,24.121876304006296,233.265568273414,0.1034095022362352,0.0038995000068098,1.0,packing,Packing,packing,,
Rand,20,packing_test_00001,24.02771854778836,229.78207164671875,0.1045674206677449,0.003599900053814,1.0,packing,Packing,packing,,
Rand,20,packing_test_00002,23.77660225029352,231.24999524898823,0.1028177415731105,0.0046754999784752,1.0,packing,Packing,packing,,
Rand,20,packing_test_00003,23.90044948128676,232.05269552777483,0.1029957847588375,0.0038502999814227,1.0,packing,Packing,packing,,
Rand,20,packing_test_00004,24.02052049271237,230.3178565095968,0.1042929143955084,0.0044242000440135,1.0,packing,Packing,packing,,
Rand,20,packing_test_00005,23.33170845779746,231.347256450289,0.1008514594717525,0.0034774000523611,1.0,packing,Packing,packing,,
Rand,20,packing_test_00006,23.8407062376428,231.39856840294945,0.1030287542493669,0.0032857001060619,1.0,packing,Packing,packing,,
Rand,20,packing_test_00007,23.80734030006236,229.4264603199824,0.1037689387129022,0.003687199903652,1.0,packing,Packing,packing,,
Rand,20,packing_test_00008,23.693718390718228,230.84790939045772,0.1026377862952291,0.0036619000602513,1.0,packing,Packing,packing,,
Rand,20,packing_test_00009,23.890913735550505,230.22174634721085,0.1037734884502145,0.0040841000154614,1.0,packing,Packing,packing,,
Rand,20,packing_test_00010,24.1096249652443,230.09828997400095,0.1047796790144267,0.003631499945186,1.0,packing,Packing,packing,,
Rand,20,packing_test_00011,23.52356305970722,230.9602508662536,0.1018511322683375,0.0040760000701993,1.0,packing,Packing,packing,,
Rand,20,packing_test_00000,15.986900864677486,233.265568273414,0.0685351935264573,0.0081394000444561,1.0,packing,Packing,packing,,
Rand,20,packing_test_00001,16.002078444659382,229.78207164671875,0.069640239249222,0.0058749000309035,1.0,packing,Packing,packing,,
Rand,20,packing_test_00002,16.45024795098101,231.24999524898823,0.0711362088170809,0.0038909999420866,1.0,packing,Packing,packing,,
Rand,20,packing_test_00003,15.941256963394808,232.05269552777483,0.068696711008413,0.0030783000402152,1.0,packing,Packing,packing,,
Rand,20,packing_test_00004,15.84361421507631,230.3178565095968,0.0687902121667068,0.0036918999394401,1.0,packing,Packing,packing,,
Rand,20,packing_test_00005,16.175515013587017,231.347256450289,0.069918767405235,0.0036604000488296,1.0,packing,Packing,packing,,
Rand,20,packing_test_00006,16.175528483759656,231.39856840294945,0.0699033213359909,0.0048068000469356,1.0,packing,Packing,packing,,
Rand,20,packing_test_00007,16.036885138473114,229.4264603199824,0.0698998934826714,0.0049172999570146,1.0,packing,Packing,packing,,
Rand,20,packing_test_00008,15.755270180359709,230.84790939045772,0.0682495683931498,0.0039687000680714,1.0,packing,Packing,packing,,
Rand,20,packing_test_00009,15.985224393884431,230.22174634721085,0.0694340332636352,0.0030823999550193,1.0,packing,Packing,packing,,
Rand,20,packing_test_00010,16.287364874484762,230.09828997400095,0.0707843803460038,0.0026844000676646,1.0,packing,Packing,packing,,
Rand,20,packing_test_00011,16.193066000063915,230.9602508662536,0.0701119172642444,0.0026781999040395,1.0,packing,Packing,packing,,
PCA,20,packing_test_00000,231.2436725984798,233.265568273414,0.9913322155091304,0.0139821999473497,1.0,packing,Packing,packing,,
PCA,20,packing_test_00001,228.1180218745166,229.78207164671875,0.9927581392217556,0.0097509999759495,1.0,packing,Packing,packing,,
PCA,20,packing_test_00002,228.7575604294759,231.24999524898823,0.9892219032617549,0.012330700061284,1.0,packing,Packing,packing,,
PCA,20,packing_test_00003,228.66017676898224,232.05269552777483,0.9853803949526346,0.0130204999586567,1.0,packing,Packing,packing,,
PCA,20,packing_test_00004,228.56100327424485,230.3178565095968,0.9923720493843744,0.0128003000281751,1.0,packing,Packing,packing,,
PCA,20,packing_test_00005,228.18388435987384,231.347256450289,0.9863263038475024,0.0110573999118059,1.0,packing,Packing,packing,,
PCA,20,packing_test_00006,228.46250477832385,231.39856840294945,0.9873116603750424,0.009922600002028,1.0,packing,Packing,packing,,
PCA,20,packing_test_00007,227.8288546624225,229.4264603199824,0.9930365239679344,0.0118717000586912,1.0,packing,Packing,packing,,
PCA,20,packing_test_00008,228.91897332983112,230.84790939045772,0.991644125928106,0.0125505999894812,1.0,packing,Packing,packing,,
PCA,20,packing_test_00009,228.979642438001,230.22174634721085,0.9946047498600042,0.0099193999776616,1.0,packing,Packing,packing,,
PCA,20,packing_test_00010,228.01808652318016,230.09828997400095,0.9909595006070846,0.0099412000272423,1.0,packing,Packing,packing,,
PCA,20,packing_test_00011,228.5177099053136,230.9602508662536,0.989424409820396,0.0098548999521881,1.0,packing,Packing,packing,,
SGA,20,packing_test_00000,226.91466202519945,233.265568273414,0.97277392332172,0.0114635999780148,1.0,packing,Packing,packing,,
SGA,20,packing_test_00001,225.3481680895515,229.78207164671875,0.9807038750874169,0.011017799959518,1.0,packing,Packing,packing,,
SGA,20,packing_test_00002,225.7098960471185,231.24999524898823,0.9760428137699864,0.0153222000226378,1.0,packing,Packing,packing,,
SGA,20,packing_test_00003,225.9336628785759,232.05269552777483,0.9736308486515016,0.0115082000847905,1.0,packing,Packing,packing,,
SGA,20,packing_test_00004,226.22631560751245,230.3178565095968,0.9822352423555408,0.0110357999801635,1.0,packing,Packing,packing,,
SGA,20,packing_test_00005,225.48761684843515,231.347256450289,0.9746716702339068,0.0114288999466225,1.0,packing,Packing,packing,,
SGA,20,packing_test_00006,225.15340959395195,231.39856840294945,0.9730112469921492,0.0175503999926149,1.0,packing,Packing,packing,,
SGA,20,packing_test_00007,225.68350691303817,229.4264603199824,0.983685607136492,0.0095535999862477,1.0,packing,Packing,packing,,
SGA,20,packing_test_00008,225.86242895828917,230.84790939045772,0.9784036145472034,0.0107117999577894,1.0,packing,Packing,packing,,
SGA,20,packing_test_00009,225.42757901024729,230.22174634721085,0.9791758710329076,0.0110101000173017,1.0,packing,Packing,packing,,
SGA,20,packing_test_00010,225.73792441156803,230.09828997400095,0.9810499871036606,0.0123738000402227,1.0,packing,Packing,packing,,
SGA,20,packing_test_00011,225.2953922996535,230.9602508662536,0.9754725822068816,0.0112229998921975,1.0,packing,Packing,packing,,
CostOnly,20,packing_test_00000,222.57561604855903,233.265568273414,0.954172609768429,0.0088372000027447,1.0,packing,Packing,packing,,
CostOnly,20,packing_test_00001,219.0521873685824,229.78207164671875,0.9533040841644376,0.0100370000582188,1.0,packing,Packing,packing,,
CostOnly,20,packing_test_00002,220.9974590290116,231.24999524898823,0.955664707327074,0.0108787999488413,1.0,packing,Packing,packing,,
CostOnly,20,packing_test_00003,223.3681801753256,232.05269552777483,0.9625752446757948,0.0096554999472573,1.0,packing,Packing,packing,,
CostOnly,20,packing_test_00004,220.9375500133615,230.3178565095968,0.9592723437149372,0.009548099944368,1.0,packing,Packing,packing,,
CostOnly,20,packing_test_00005,220.01087571208365,231.347256450289,0.9509984215410772,0.0108215999789536,1.0,packing,Packing,packing,,
CostOnly,20,packing_test_00006,220.4591022469746,231.39856840294945,0.9527245728809988,0.0115866999840363,1.0,packing,Packing,packing,,
CostOnly,20,packing_test_00007,218.48036537363535,229.4264603199824,0.952289309040115,0.0088897000532597,1.0,packing,Packing,packing,,
CostOnly,20,packing_test_00008,220.40852343399888,230.84790939045772,0.9547780788484352,0.0097768999403342,1.0,packing,Packing,packing,,
CostOnly,20,packing_test_00009,220.95666693199,230.22174634721085,0.9597558459953316,0.0107052999082952,1.0,packing,Packing,packing,,
CostOnly,20,packing_test_00010,219.22901487246455,230.09828997400095,0.9527624690180682,0.0104767000302672,1.0,packing,Packing,packing,,
CostOnly,20,packing_test_00011,221.42573821042987,230.9602508662536,0.9587179498633944,0.0098183000227436,1.0,packing,Packing,packing,,
Rand,30,packing_test_00000,23.726983108523388,233.265568273414,0.1017166111747475,0.0041200999403372,1.0,packing,Packing,packing,,
Rand,30,packing_test_00001,24.03986431078756,229.78207164671875,0.1046202784164464,0.0055686000268906,1.0,packing,Packing,packing,,
Rand,30,packing_test_00002,23.30319530819945,231.24999524898823,0.1007705763760503,0.0043930999236181,1.0,packing,Packing,packing,,
Rand,30,packing_test_00003,23.56624556717442,232.05269552777483,0.1015555777689888,0.005050600040704,1.0,packing,Packing,packing,,
Rand,30,packing_test_00004,23.608563400622156,230.3178565095968,0.1025042684853158,0.0038630999624729,1.0,packing,Packing,packing,,
Rand,30,packing_test_00005,23.33761397554605,231.347256450289,0.1008769861101022,0.0046051000244915,1.0,packing,Packing,packing,,
Rand,30,packing_test_00006,23.17301386814588,231.39856840294945,0.1001432896844599,0.0045490999473258,1.0,packing,Packing,packing,,
Rand,30,packing_test_00007,23.731900784891156,229.4264603199824,0.1034401208639672,0.0038795999716967,1.0,packing,Packing,packing,,
Rand,30,packing_test_00008,23.7520040665904,230.84790939045772,0.10289027147487,0.0036858000094071,1.0,packing,Packing,packing,,
Rand,30,packing_test_00009,23.833882807575183,230.22174634721085,0.1035257667259196,0.0045189999509602,1.0,packing,Packing,packing,,
Rand,30,packing_test_00010,23.78865208183531,230.09828997400095,0.1033847408623645,0.0047503999667242,1.0,packing,Packing,packing,,
Rand,30,packing_test_00011,23.287054752637975,230.9602508662536,0.1008271105755043,0.0037396000698208,1.0,packing,Packing,packing,,
Rand,30,packing_test_00000,49.04020525800412,233.265568273414,0.2102333645766501,0.0040978000033646,1.0,packing,Packing,packing,,
Rand,30,packing_test_00001,48.88631329755822,229.78207164671875,0.2127507727091915,0.0040861999150365,1.0,packing,Packing,packing,,
Rand,30,packing_test_00002,47.47259875532394,231.24999524898823,0.2052869177541384,0.0043294000206515,1.0,packing,Packing,packing,,
Rand,30,packing_test_00003,49.16583131011037,232.05269552777483,0.2118735625901213,0.0039810000453144,1.0,packing,Packing,packing,,
Rand,30,packing_test_00004,48.96794305713656,230.3178565095968,0.2126102760733889,0.0039485999150201,1.0,packing,Packing,packing,,
Rand,30,packing_test_00005,48.47400492089847,231.347256450289,0.2095291972105767,0.0043283000122755,1.0,packing,Packing,packing,,
Rand,30,packing_test_00006,48.0081867046804,231.39856840294945,0.2074696789872987,0.0040775999659672,1.0,packing,Packing,packing,,
Rand,30,packing_test_00007,48.107283437506936,229.4264603199824,0.2096849830242398,0.0038796999724581,1.0,packing,Packing,packing,,
Rand,30,packing_test_00008,48.618806687592624,230.84790939045772,0.2106096902327083,0.0048772000009194,1.0,packing,Packing,packing,,
Rand,30,packing_test_00009,48.7761220759008,230.22174634721085,0.2118658330492319,0.0053326999768614,1.0,packing,Packing,packing,,
Rand,30,packing_test_00010,48.318407331851965,230.09828997400095,0.2099902930061388,0.003999900072813,1.0,packing,Packing,packing,,
Rand,30,packing_test_00011,48.68781729462125,230.9602508662536,0.210806046114038,0.0042404000414535,1.0,packing,Packing,packing,,
Rand,30,packing_test_00000,39.66294124483676,233.265568273414,0.1700334152974829,0.0037223999388515,1.0,packing,Packing,packing,,
Rand,30,packing_test_00001,39.98139517273402,229.78207164671875,0.1739970176359272,0.0034784000599756,1.0,packing,Packing,packing,,
Rand,30,packing_test_00002,40.53647023219605,231.24999524898823,0.175292847848711,0.0039709999691694,1.0,packing,Packing,packing,,
Rand,30,packing_test_00003,39.43171962827122,232.05269552777483,0.1699257125136543,0.0043402999872341,1.0,packing,Packing,packing,,
Rand,30,packing_test_00004,40.26667311707352,230.3178565095968,0.1748308781928756,0.0042912999633699,1.0,packing,Packing,packing,,
Rand,30,packing_test_00005,39.20175082693946,231.347256450289,0.1694498194118977,0.0039810999296605,1.0,packing,Packing,packing,,
Rand,30,packing_test_00006,40.61103251869692,231.39856840294945,0.1755025227640055,0.0047015000600367,1.0,packing,Packing,packing,,
Rand,30,packing_test_00007,40.51182843504249,229.4264603199824,0.1765787101389282,0.0047650000778958,1.0,packing,Packing,packing,,
Rand,30,packing_test_00008,39.7136980398749,230.84790939045772,0.1720340381021293,0.0034830999793484,1.0,packing,Packing,packing,,
Rand,30,packing_test_00009,40.30445786948028,230.22174634721085,0.1750679877507956,0.0033990000374615,1.0,packing,Packing,packing,,
Rand,30,packing_test_00010,40.47821285449906,230.09828997400095,0.1759170520522892,0.0046649000141769,1.0,packing,Packing,packing,,
Rand,30,packing_test_00011,40.08727917880849,230.9602508662536,0.173567871650878,0.0047866000095382,1.0,packing,Packing,packing,,
PCA,30,packing_test_00000,231.41886172502493,233.265568273414,0.9920832441664752,0.0132319999393075,1.0,packing,Packing,packing,,
PCA,30,packing_test_00001,228.5528382817717,229.78207164671875,0.9946504383212414,0.0126239999663084,1.0,packing,Packing,packing,,
PCA,30,packing_test_00002,229.79092495823195,231.24999524898823,0.9936905067211556,0.0140131000662222,1.0,packing,Packing,packing,,
PCA,30,packing_test_00003,229.48807442331545,232.05269552777483,0.9889481089688422,0.0114961999934166,1.0,packing,Packing,packing,,
PCA,30,packing_test_00004,228.7053404532915,230.3178565095968,0.9929987362649926,0.0098515999270603,1.0,packing,Packing,packing,,
PCA,30,packing_test_00005,228.50788626075231,231.347256450289,0.9877268041423832,0.0138734000502154,1.0,packing,Packing,packing,,
PCA,30,packing_test_00006,228.9440789158897,231.39856840294945,0.9893928060834604,0.0121263000182807,1.0,packing,Packing,packing,,
PCA,30,packing_test_00007,228.06727671304847,229.4264603199824,0.9940757330037772,0.0123492999700829,1.0,packing,Packing,packing,,
PCA,30,packing_test_00008,229.1398612464509,230.84790939045772,0.9926009806694076,0.0123799999710172,1.0,packing,Packing,packing,,
PCA,30,packing_test_00009,229.0407741171269,230.22174634721085,0.9948702837641458,0.0168112999526783,1.0,packing,Packing,packing,,
PCA,30,packing_test_00010,228.39113831464647,230.09828997400095,0.9925807720711554,0.0139065000694245,1.0,packing,Packing,packing,,
PCA,30,packing_test_00011,228.58043231339883,230.9602508662536,0.9896959821271026,0.0185051000444218,1.0,packing,Packing,packing,,
SGA,30,packing_test_00000,226.91466202519945,233.265568273414,0.97277392332172,0.0134598999284207,1.0,packing,Packing,packing,,
SGA,30,packing_test_00001,225.3481680895515,229.78207164671875,0.9807038750874169,0.0119143999181687,1.0,packing,Packing,packing,,
SGA,30,packing_test_00002,225.7098960471185,231.24999524898823,0.9760428137699864,0.0123211999889463,1.0,packing,Packing,packing,,
SGA,30,packing_test_00003,225.9336628785759,232.05269552777483,0.9736308486515016,0.0133379999315366,1.0,packing,Packing,packing,,
SGA,30,packing_test_00004,226.22631560751245,230.3178565095968,0.9822352423555408,0.0152887000003829,1.0,packing,Packing,packing,,
SGA,30,packing_test_00005,225.48761684843515,231.347256450289,0.9746716702339068,0.0124222000595182,1.0,packing,Packing,packing,,
SGA,30,packing_test_00006,225.15340959395195,231.39856840294945,0.9730112469921492,0.0114977000048384,1.0,packing,Packing,packing,,
SGA,30,packing_test_00007,225.68350691303817,229.4264603199824,0.983685607136492,0.0109942000126466,1.0,packing,Packing,packing,,
SGA,30,packing_test_00008,225.86242895828917,230.84790939045772,0.9784036145472034,0.0153755999635905,1.0,packing,Packing,packing,,
SGA,30,packing_test_00009,225.42757901024729,230.22174634721085,0.9791758710329076,0.0142127000726759,1.0,packing,Packing,packing,,
SGA,30,packing_test_00010,225.73792441156803,230.09828997400095,0.9810499871036606,0.0130406999960541,1.0,packing,Packing,packing,,
SGA,30,packing_test_00011,225.2953922996535,230.9602508662536,0.9754725822068816,0.0118712000548839,1.0,packing,Packing,packing,,
CostOnly,30,packing_test_00000,222.6693137539397,233.265568273414,0.954574288018992,0.0098051000386476,1.0,packing,Packing,packing,,
CostOnly,30,packing_test_00001,219.0891315706644,229.78207164671875,0.9534648634707482,0.0119566000066697,1.0,packing,Packing,packing,,
CostOnly,30,packing_test_00002,221.01773994463505,231.24999524898823,0.9557524085856258,0.0154070999706164,1.0,packing,Packing,packing,,
CostOnly,30,packing_test_00003,223.53044798217047,232.05269552777483,0.9632745160480832,0.0117739000124856,1.0,packing,Packing,packing,,
CostOnly,30,packing_test_00004,221.36424666438583,230.3178565095968,0.9611249862216484,0.0135476000141352,1.0,packing,Packing,packing,,
CostOnly,30,packing_test_00005,220.50823493190208,231.347256450289,0.953148259959089,0.0096304999897256,1.0,packing,Packing,packing,,
CostOnly,30,packing_test_00006,220.6859358931478,231.39856840294945,0.953704845350871,0.0143829000880941,1.0,packing,Packing,packing,,
CostOnly,30,packing_test_00007,219.0578062161249,229.4264603199824,0.9548061976399922,0.0193428999045863,1.0,packing,Packing,packing,,
CostOnly,30,packing_test_00008,220.4085234339985,230.84790939045772,0.9547780788484336,0.013203699956648,1.0,packing,Packing,packing,,
CostOnly,30,packing_test_00009,221.15484385014585,230.22174634721085,0.9606166548515764,0.0120189000153914,1.0,packing,Packing,packing,,
CostOnly,30,packing_test_00010,220.2614471899636,230.09828997400095,0.9572493877066672,0.0100051999324932,1.0,packing,Packing,packing,,
CostOnly,30,packing_test_00011,221.70537468742447,230.9602508662536,0.9599287057226636,0.0150089999660849,1.0,packing,Packing,packing,,
Rand,40,packing_test_00000,47.925496472185486,233.265568273414,0.2054546533674927,0.0036833999911323,1.0,packing,Packing,packing,,
Rand,40,packing_test_00001,47.288376295757374,229.78207164671875,0.2057966313771488,0.004073700052686,1.0,packing,Packing,packing,,
Rand,40,packing_test_00002,48.707741312591416,231.24999524898823,0.2106280748682719,0.0032950999448075,1.0,packing,Packing,packing,,
Rand,40,packing_test_00003,48.123249487157786,232.05269552777483,0.2073806959135185,0.0035611999919638,1.0,packing,Packing,packing,,
Rand,40,packing_test_00004,47.88881731557085,230.3178565095968,0.2079249001415374,0.0038535000057891,1.0,packing,Packing,packing,,
Rand,40,packing_test_00005,46.953005068668425,231.347256450289,0.2029546655927493,0.003653599997051,1.0,packing,Packing,packing,,
Rand,40,packing_test_00006,47.12641821666571,231.39856840294945,0.2036590742195146,0.0049818000989034,1.0,packing,Packing,packing,,
Rand,40,packing_test_00007,47.41155908133583,229.4264603199824,0.2066525326468911,0.0043912000255659,1.0,packing,Packing,packing,,
Rand,40,packing_test_00008,47.62024240586551,230.84790939045772,0.2062840531309309,0.0036896000383421,1.0,packing,Packing,packing,,
Rand,40,packing_test_00009,46.906439059923926,230.22174634721085,0.2037446062509733,0.0032298000296577,1.0,packing,Packing,packing,,
Rand,40,packing_test_00010,47.59114953147177,230.09828997400095,0.2068296532618697,0.0030109999934211,1.0,packing,Packing,packing,,
Rand,40,packing_test_00011,47.45170270749899,230.9602508662536,0.2054539797628541,0.0046223999233916,1.0,packing,Packing,packing,,
Rand,40,packing_test_00000,44.23816212387946,233.265568273414,0.1896472010478086,0.0032246999908238,1.0,packing,Packing,packing,,
Rand,40,packing_test_00001,43.56612469561641,229.78207164671875,0.1895975799304206,0.0033291999716311,1.0,packing,Packing,packing,,
Rand,40,packing_test_00002,44.73479531385049,231.24999524898823,0.1934477674937215,0.0028823999455198,1.0,packing,Packing,packing,,
Rand,40,packing_test_00003,43.29952789087518,232.05269552777483,0.1865935139964473,0.0043845999753102,1.0,packing,Packing,packing,,
Rand,40,packing_test_00004,44.13927875979159,230.3178565095968,0.1916450570907098,0.0033473001094534,1.0,packing,Packing,packing,,
Rand,40,packing_test_00005,44.15623838412126,231.347256450289,0.190865623658733,0.0032388999825343,1.0,packing,Packing,packing,,
Rand,40,packing_test_00006,44.44870264927455,231.39856840294945,0.1920871981017321,0.0031754000810906,1.0,packing,Packing,packing,,
Rand,40,packing_test_00007,44.15859977753308,229.4264603199824,0.1924738747045342,0.0051585999317467,1.0,packing,Packing,packing,,
Rand,40,packing_test_00008,44.120987224376734,230.84790939045772,0.1911257820825667,0.0034135000314563,1.0,packing,Packing,packing,,
Rand,40,packing_test_00009,44.04749759435779,230.22174634721085,0.1913263985406799,0.0030680000782012,1.0,packing,Packing,packing,,
Rand,40,packing_test_00010,44.36575896906459,230.09828997400095,0.1928122063578896,0.0033109999494627,1.0,packing,Packing,packing,,
Rand,40,packing_test_00011,44.16085133185862,230.9602508662536,0.1912054181021463,0.0033634999999776,1.0,packing,Packing,packing,,
Rand,40,packing_test_00000,47.93126978708747,233.265568273414,0.205479403333571,0.0045610999222844,1.0,packing,Packing,packing,,
Rand,40,packing_test_00001,48.73137371517266,229.78207164671875,0.2120764834520915,0.0031839000293985,1.0,packing,Packing,packing,,
Rand,40,packing_test_00002,47.34670324706613,231.24999524898823,0.204742504734271,0.0032763000344857,1.0,packing,Packing,packing,,
Rand,40,packing_test_00003,49.18187692348733,232.05269552777483,0.2119427090111119,0.0033637000015005,1.0,packing,Packing,packing,,
Rand,40,packing_test_00004,48.298185387321226,230.3178565095968,0.209702304976552,0.0047059999778866,1.0,packing,Packing,packing,,
Rand,40,packing_test_00005,48.72706451651841,231.347256450289,0.2106230489359129,0.0043417999986559,1.0,packing,Packing,packing,,
Rand,40,packing_test_00006,47.707262158480574,231.39856840294945,0.2061692191431574,0.0025954999728128,1.0,packing,Packing,packing,,
Rand,40,packing_test_00007,48.531696038260726,229.4264603199824,0.2115348681689692,0.0085229999385774,1.0,packing,Packing,packing,,
Rand,40,packing_test_00008,48.58109209896397,230.84790939045772,0.2104463160495578,0.0044883999507874,1.0,packing,Packing,packing,,
Rand,40,packing_test_00009,48.72080691070406,230.22174634721085,0.2116255639778936,0.0034624999389052,1.0,packing,Packing,packing,,
Rand,40,packing_test_00010,48.01403553789131,230.09828997400095,0.2086675026716472,0.0036136999260634,1.0,packing,Packing,packing,,
Rand,40,packing_test_00011,48.4403307588777,230.9602508662536,0.209734491442551,0.0048023000126704,1.0,packing,Packing,packing,,
PCA,40,packing_test_00000,231.41886172502493,233.265568273414,0.9920832441664752,0.0139383999630808,1.0,packing,Packing,packing,,
PCA,40,packing_test_00001,228.5528382817717,229.78207164671875,0.9946504383212414,0.012438999954611,1.0,packing,Packing,packing,,
PCA,40,packing_test_00002,229.79092495823195,231.24999524898823,0.9936905067211556,0.0120887999655678,1.0,packing,Packing,packing,,
PCA,40,packing_test_00003,229.48807442331545,232.05269552777483,0.9889481089688422,0.0116558000445365,1.0,packing,Packing,packing,,
PCA,40,packing_test_00004,228.7053404532915,230.3178565095968,0.9929987362649926,0.0247430999297648,1.0,packing,Packing,packing,,
PCA,40,packing_test_00005,228.50788626075231,231.347256450289,0.9877268041423832,0.0116502000018954,1.0,packing,Packing,packing,,
PCA,40,packing_test_00006,228.9440789158897,231.39856840294945,0.9893928060834604,0.0123879000311717,1.0,packing,Packing,packing,,
PCA,40,packing_test_00007,228.06727671304847,229.4264603199824,0.9940757330037772,0.011571199982427,1.0,packing,Packing,packing,,
PCA,40,packing_test_00008,229.1398612464509,230.84790939045772,0.9926009806694076,0.0122305999975651,1.0,packing,Packing,packing,,
PCA,40,packing_test_00009,229.0407741171269,230.22174634721085,0.9948702837641458,0.0108364000916481,1.0,packing,Packing,packing,,
PCA,40,packing_test_00010,228.39113831464647,230.09828997400095,0.9925807720711554,0.0122541999444365,1.0,packing,Packing,packing,,
PCA,40,packing_test_00011,228.58043231339883,230.9602508662536,0.9896959821271026,0.0121018999489024,1.0,packing,Packing,packing,,
SGA,40,packing_test_00000,226.91466202519945,233.265568273414,0.97277392332172,0.0115744000067934,1.0,packing,Packing,packing,,
SGA,40,packing_test_00001,225.3481680895515,229.78207164671875,0.9807038750874169,0.0118337000021711,1.0,packing,Packing,packing,,
SGA,40,packing_test_00002,225.7098960471185,231.24999524898823,0.9760428137699864,0.0138672000030055,1.0,packing,Packing,packing,,
SGA,40,packing_test_00003,225.9336628785759,232.05269552777483,0.9736308486515016,0.014029899961315,1.0,packing,Packing,packing,,
SGA,40,packing_test_00004,226.22631560751245,230.3178565095968,0.9822352423555408,0.0191748000215739,1.0,packing,Packing,packing,,
SGA,40,packing_test_00005,225.48761684843515,231.347256450289,0.9746716702339068,0.0139554999768733,1.0,packing,Packing,packing,,
SGA,40,packing_test_00006,225.15340959395195,231.39856840294945,0.9730112469921492,0.0122862999560311,1.0,packing,Packing,packing,,
SGA,40,packing_test_00007,225.68350691303817,229.4264603199824,0.983685607136492,0.0116041000001132,1.0,packing,Packing,packing,,
SGA,40,packing_test_00008,225.86242895828917,230.84790939045772,0.9784036145472034,0.0113025000318884,1.0,packing,Packing,packing,,
SGA,40,packing_test_00009,225.42757901024729,230.22174634721085,0.9791758710329076,0.0129068000242114,1.0,packing,Packing,packing,,
SGA,40,packing_test_00010,225.73792441156803,230.09828997400095,0.9810499871036606,0.0119766999268904,1.0,packing,Packing,packing,,
SGA,40,packing_test_00011,225.2953922996535,230.9602508662536,0.9754725822068816,0.0111970999278128,1.0,packing,Packing,packing,,
CostOnly,40,packing_test_00000,222.6693137539397,233.265568273414,0.954574288018992,0.013583300053142,1.0,packing,Packing,packing,,
CostOnly,40,packing_test_00001,219.0891315706644,229.78207164671875,0.9534648634707482,0.0165727999992668,1.0,packing,Packing,packing,,
CostOnly,40,packing_test_00002,221.01773994463505,231.24999524898823,0.9557524085856258,0.0218000998720526,1.0,packing,Packing,packing,,
CostOnly,40,packing_test_00003,223.53044798217047,232.05269552777483,0.9632745160480832,0.0203676000237464,1.0,packing,Packing,packing,,
CostOnly,40,packing_test_00004,221.36424666438583,230.3178565095968,0.9611249862216484,0.0185318998992443,1.0,packing,Packing,packing,,
CostOnly,40,packing_test_00005,220.50823493190208,231.347256450289,0.953148259959089,0.0144878000719472,1.0,packing,Packing,packing,,
CostOnly,40,packing_test_00006,220.6859358931478,231.39856840294945,0.953704845350871,0.0128853000933304,1.0,packing,Packing,packing,,
CostOnly,40,packing_test_00007,219.0578062161249,229.4264603199824,0.9548061976399922,0.0160649999743327,1.0,packing,Packing,packing,,
CostOnly,40,packing_test_00008,220.4085234339985,230.84790939045772,0.9547780788484336,0.0140469000907614,1.0,packing,Packing,packing,,
CostOnly,40,packing_test_00009,221.15484385014585,230.22174634721085,0.9606166548515764,0.0172615000046789,1.0,packing,Packing,packing,,
CostOnly,40,packing_test_00010,220.2614471899636,230.09828997400095,0.9572493877066672,0.0168346000136807,1.0,packing,Packing,packing,,
CostOnly,40,packing_test_00011,221.70537468742447,230.9602508662536,0.9599287057226636,0.014665599912405,1.0,packing,Packing,packing,,
Rand,50,packing_test_00000,36.00993897988343,233.265568273414,0.1543731432222163,0.0045631000539287,1.0,packing,Packing,packing,,
Rand,50,packing_test_00001,36.63406210061281,229.78207164671875,0.1594295927357478,0.003559699980542,1.0,packing,Packing,packing,,
Rand,50,packing_test_00002,36.96342346627316,231.24999524898823,0.1598418344894425,0.0034622999373823,1.0,packing,Packing,packing,,
Rand,50,packing_test_00003,35.99600003811767,232.05269552777483,0.1551199392717644,0.0041931000305339,1.0,packing,Packing,packing,,
Rand,50,packing_test_00004,36.44768741110083,230.3178565095968,0.1582495077170976,0.005549699999392,1.0,packing,Packing,packing,,
Rand,50,packing_test_00005,35.70472346292136,231.347256450289,0.1543338961989957,0.0033103000605478,1.0,packing,Packing,packing,,
Rand,50,packing_test_00006,36.45615888277406,231.39856840294945,0.1575470372802418,0.0046160999918356,1.0,packing,Packing,packing,,
Rand,50,packing_test_00007,36.197826500913614,229.4264603199824,0.1577752908292631,0.0059190000174567,1.0,packing,Packing,packing,,
Rand,50,packing_test_00008,35.626900391974644,230.84790939045772,0.1543306174443844,0.0045355999609455,1.0,packing,Packing,packing,,
Rand,50,packing_test_00009,35.87514523503151,230.22174634721085,0.1558286556515217,0.0034122000215575,1.0,packing,Packing,packing,,
Rand,50,packing_test_00010,35.86604895214863,230.09828997400095,0.1558727314149147,0.0065675999503582,1.0,packing,Packing,packing,,
Rand,50,packing_test_00011,36.47004714926828,230.9602508662536,0.1579061635605326,0.0033054999075829,1.0,packing,Packing,packing,,
Rand,50,packing_test_00000,91.3528796889572,233.265568273414,0.3916260782297761,0.0037544000661,1.0,packing,Packing,packing,,
Rand,50,packing_test_00001,92.09489689322776,229.78207164671875,0.4007923517846083,0.0035634000087156,1.0,packing,Packing,packing,,
Rand,50,packing_test_00002,92.14793898351202,231.24999524898823,0.398477582169443,0.0043787000468,1.0,packing,Packing,packing,,
Rand,50,packing_test_00003,91.86911068673712,232.05269552777483,0.3958976235022494,0.0036934999516233,1.0,packing,Packing,packing,,
Rand,50,packing_test_00004,91.88615303935516,230.3178565095968,0.3989536653035258,0.0060998999979346,1.0,packing,Packing,packing,,
Rand,50,packing_test_00005,91.87251738327105,231.347256450289,0.3971195457120635,0.0063426999840885,1.0,packing,Packing,packing,,
Rand,50,packing_test_00006,91.68203686852584,231.39856840294945,0.3962083149489236,0.0040181999793276,1.0,packing,Packing,packing,,
Rand,50,packing_test_00007,92.42719260610272,229.4264603199824,0.4028619561893339,0.0033404000569134,1.0,packing,Packing,packing,,
Rand,50,packing_test_00008,91.40603086847447,230.84790939045772,0.3959578023029426,0.0059963000239804,1.0,packing,Packing,packing,,
Rand,50,packing_test_00009,92.21495867694964,230.22174634721085,0.4005484283742461,0.0031862999312579,1.0,packing,Packing,packing,,
Rand,50,packing_test_00010,92.30576537228278,230.09828997400095,0.401157980716469,0.0031293000793084,1.0,packing,Packing,packing,,
Rand,50,packing_test_00011,92.76530194494602,230.9602508662536,0.4016505073795808,0.0043825999600812,1.0,packing,Packing,packing,,
Rand,50,packing_test_00000,69.23990323626938,233.265568273414,0.2968286479173483,0.0071674000937491,1.0,packing,Packing,packing,,
Rand,50,packing_test_00001,68.77247167682333,229.78207164671875,0.2992943321642534,0.0048883999697864,1.0,packing,Packing,packing,,
Rand,50,packing_test_00002,67.67669074517832,231.24999524898823,0.2926559659917416,0.0087054000468924,1.0,packing,Packing,packing,,
Rand,50,packing_test_00003,69.63998950442738,232.05269552777483,0.3001042041163966,0.0037629000144079,1.0,packing,Packing,packing,,
Rand,50,packing_test_00004,69.48950059980956,230.3178565095968,0.3017113030353081,0.0039568000938743,1.0,packing,Packing,packing,,
Rand,50,packing_test_00005,68.30222081256518,231.347256450289,0.2952367875918238,0.0036934000672772,1.0,packing,Packing,packing,,
Rand,50,packing_test_00006,68.15135638468388,231.39856840294945,0.2945193518483981,0.0037331999046728,1.0,packing,Packing,packing,,
Rand,50,packing_test_00007,68.59693991826194,229.4264603199824,0.2989931493629348,0.0032798999454826,1.0,packing,Packing,packing,,
Rand,50,packing_test_00008,68.7114954601504,230.84790939045772,0.2976483332319519,0.0044050000142306,1.0,packing,Packing,packing,,
Rand,50,packing_test_00009,68.68841966679145,230.22174634721085,0.2983576519448273,0.0062943999655544,1.0,packing,Packing,packing,,
Rand,50,packing_test_00010,69.28803316191897,230.09828997400095,0.3011236335991367,0.0035173000069335,1.0,packing,Packing,packing,,
Rand,50,packing_test_00011,68.53012147701673,230.9602508662536,0.2967182500884178,0.0039504000451415,1.0,packing,Packing,packing,,
PCA,50,packing_test_00000,231.41886172502493,233.265568273414,0.9920832441664752,0.021311099990271,1.0,packing,Packing,packing,,
PCA,50,packing_test_00001,228.5528382817717,229.78207164671875,0.9946504383212414,0.0132527999812737,1.0,packing,Packing,packing,,
PCA,50,packing_test_00002,229.79092495823195,231.24999524898823,0.9936905067211556,0.0119005000451579,1.0,packing,Packing,packing,,
PCA,50,packing_test_00003,229.48807442331545,232.05269552777483,0.9889481089688422,0.0130740000167861,1.0,packing,Packing,packing,,
PCA,50,packing_test_00004,228.7053404532915,230.3178565095968,0.9929987362649926,0.0119235999882221,1.0,packing,Packing,packing,,
PCA,50,packing_test_00005,228.50788626075231,231.347256450289,0.9877268041423832,0.0166093999287113,1.0,packing,Packing,packing,,
PCA,50,packing_test_00006,228.9440789158897,231.39856840294945,0.9893928060834604,0.0113283999962732,1.0,packing,Packing,packing,,
PCA,50,packing_test_00007,228.06727671304847,229.4264603199824,0.9940757330037772,0.0113327000290155,1.0,packing,Packing,packing,,
PCA,50,packing_test_00008,229.1398612464509,230.84790939045772,0.9926009806694076,0.0124363000504672,1.0,packing,Packing,packing,,
PCA,50,packing_test_00009,229.0407741171269,230.22174634721085,0.9948702837641458,0.0113163000205531,1.0,packing,Packing,packing,,
PCA,50,packing_test_00010,228.39113831464647,230.09828997400095,0.9925807720711554,0.0111541000660508,1.0,packing,Packing,packing,,
PCA,50,packing_test_00011,228.58043231339883,230.9602508662536,0.9896959821271026,0.0134979999857023,1.0,packing,Packing,packing,,
SGA,50,packing_test_00000,226.91466202519945,233.265568273414,0.97277392332172,0.0064624999649822,1.0,packing,Packing,packing,,
SGA,50,packing_test_00001,225.3481680895515,229.78207164671875,0.9807038750874169,0.0065829999512061,1.0,packing,Packing,packing,,
SGA,50,packing_test_00002,225.7098960471185,231.24999524898823,0.9760428137699864,0.0120955000165849,1.0,packing,Packing,packing,,
SGA,50,packing_test_00003,225.9336628785759,232.05269552777483,0.9736308486515016,0.008519500028342,1.0,packing,Packing,packing,,
SGA,50,packing_test_00004,226.22631560751245,230.3178565095968,0.9822352423555408,0.0105775999836623,1.0,packing,Packing,packing,,
SGA,50,packing_test_00005,225.48761684843515,231.347256450289,0.9746716702339068,0.0086605999385938,1.0,packing,Packing,packing,,
SGA,50,packing_test_00006,225.15340959395195,231.39856840294945,0.9730112469921492,0.0113947999197989,1.0,packing,Packing,packing,,
SGA,50,packing_test_00007,225.68350691303817,229.4264603199824,0.983685607136492,0.0099386000074446,1.0,packing,Packing,packing,,
SGA,50,packing_test_00008,225.86242895828917,230.84790939045772,0.9784036145472034,0.0116549999220296,1.0,packing,Packing,packing,,
SGA,50,packing_test_00009,225.42757901024729,230.22174634721085,0.9791758710329076,0.0093893000157549,1.0,packing,Packing,packing,,
SGA,50,packing_test_00010,225.73792441156803,230.09828997400095,0.9810499871036606,0.011774499900639,1.0,packing,Packing,packing,,
SGA,50,packing_test_00011,225.2953922996535,230.9602508662536,0.9754725822068816,0.012586300028488,1.0,packing,Packing,packing,,
CostOnly,50,packing_test_00000,222.6693137539397,233.265568273414,0.954574288018992,0.0179626001045107,1.0,packing,Packing,packing,,
CostOnly,50,packing_test_00001,219.0891315706644,229.78207164671875,0.9534648634707482,0.0153996999142691,1.0,packing,Packing,packing,,
CostOnly,50,packing_test_00002,221.01773994463505,231.24999524898823,0.9557524085856258,0.0154189999448135,1.0,packing,Packing,packing,,
CostOnly,50,packing_test_00003,223.53044798217047,232.05269552777483,0.9632745160480832,0.0158499999670311,1.0,packing,Packing,packing,,
CostOnly,50,packing_test_00004,221.36424666438583,230.3178565095968,0.9611249862216484,0.0144395000534132,1.0,packing,Packing,packing,,
CostOnly,50,packing_test_00005,220.50823493190208,231.347256450289,0.953148259959089,0.0157792998943477,1.0,packing,Packing,packing,,
CostOnly,50,packing_test_00006,220.6859358931478,231.39856840294945,0.953704845350871,0.0161034000338986,1.0,packing,Packing,packing,,
CostOnly,50,packing_test_00007,219.0578062161249,229.4264603199824,0.9548061976399922,0.0167627999326214,1.0,packing,Packing,packing,,
CostOnly,50,packing_test_00008,220.4085234339985,230.84790939045772,0.9547780788484336,0.0178681999677792,1.0,packing,Packing,packing,,
CostOnly,50,packing_test_00009,221.15484385014585,230.22174634721085,0.9606166548515764,0.0140224999049678,1.0,packing,Packing,packing,,
CostOnly,50,packing_test_00010,220.2614471899636,230.09828997400095,0.9572493877066672,0.0213393999729305,1.0,packing,Packing,packing,,
CostOnly,50,packing_test_00011,221.70537468742447,230.9602508662536,0.9599287057226636,0.0173617999535053,1.0,packing,Packing,packing,,
OursEstC,5,packing_test_00000,228.41534857446652,233.26556827341398,0.9792073054979874,0.004144899896346033,1.0,packing,Packing,packing,23.0,Optimization terminated successfully. (HiGHS Status 7: Optimal)
OursEstC,10,packing_test_00000,228.41534857446652,233.26556827341398,0.9792073054979874,0.004144899896346033,1.0,packing,Packing,packing,23.0,Optimization terminated successfully. (HiGHS Status 7: Optimal)
OursEstC,20,packing_test_00000,228.41534857446652,233.26556827341398,0.9792073054979874,0.004144899896346033,1.0,packing,Packing,packing,23.0,Optimization terminated successfully. (HiGHS Status 7: Optimal)
OursEstC,30,packing_test_00000,228.41534857446652,233.26556827341398,0.9792073054979874,0.004144899896346033,1.0,packing,Packing,packing,23.0,Optimization terminated successfully. (HiGHS Status 7: Optimal)
OursEstC,40,packing_test_00000,228.41534857446652,233.26556827341398,0.9792073054979874,0.004144899896346033,1.0,packing,Packing,packing,23.0,Optimization terminated successfully. (HiGHS Status 7: Optimal)
OursEstC,50,packing_test_00000,228.41534857446652,233.26556827341398,0.9792073054979874,0.004144899896346033,1.0,packing,Packing,packing,23.0,Optimization terminated successfully. (HiGHS Status 7: Optimal)
OursEstC,5,packing_test_00001,228.1951553676804,229.78207164671875,0.9930938202982251,0.00333510001655668,1.0,packing,Packing,packing,23.0,Optimization terminated successfully. (HiGHS Status 7: Optimal)
OursEstC,10,packing_test_00001,228.1951553676804,229.78207164671875,0.9930938202982251,0.00333510001655668,1.0,packing,Packing,packing,23.0,Optimization terminated successfully. (HiGHS Status 7: Optimal)
OursEstC,20,packing_test_00001,228.1951553676804,229.78207164671875,0.9930938202982251,0.00333510001655668,1.0,packing,Packing,packing,23.0,Optimization terminated successfully. (HiGHS Status 7: Optimal)
OursEstC,30,packing_test_00001,228.1951553676804,229.78207164671875,0.9930938202982251,0.00333510001655668,1.0,packing,Packing,packing,23.0,Optimization terminated successfully. (HiGHS Status 7: Optimal)
OursEstC,40,packing_test_00001,228.1951553676804,229.78207164671875,0.9930938202982251,0.00333510001655668,1.0,packing,Packing,packing,23.0,Optimization terminated successfully. (HiGHS Status 7: Optimal)
OursEstC,50,packing_test_00001,228.1951553676804,229.78207164671875,0.9930938202982251,0.00333510001655668,1.0,packing,Packing,packing,23.0,Optimization terminated successfully. (HiGHS Status 7: Optimal)
OursEstC,5,packing_test_00002,228.39613745487645,231.24999524898823,0.9876589930692149,0.0029082000255584717,1.0,packing,Packing,packing,23.0,Optimization terminated successfully. (HiGHS Status 7: Optimal)
OursEstC,10,packing_test_00002,228.39613745487645,231.24999524898823,0.9876589930692149,0.0029082000255584717,1.0,packing,Packing,packing,23.0,Optimization terminated successfully. (HiGHS Status 7: Optimal)
OursEstC,20,packing_test_00002,228.39613745487645,231.24999524898823,0.9876589930692149,0.0029082000255584717,1.0,packing,Packing,packing,23.0,Optimization terminated successfully. (HiGHS Status 7: Optimal)
OursEstC,30,packing_test_00002,228.39613745487645,231.24999524898823,0.9876589930692149,0.0029082000255584717,1.0,packing,Packing,packing,23.0,Optimization terminated successfully. (HiGHS Status 7: Optimal)
OursEstC,40,packing_test_00002,228.39613745487645,231.24999524898823,0.9876589930692149,0.0029082000255584717,1.0,packing,Packing,packing,23.0,Optimization terminated successfully. (HiGHS Status 7: Optimal)
OursEstC,50,packing_test_00002,228.39613745487645,231.24999524898823,0.9876589930692149,0.0029082000255584717,1.0,packing,Packing,packing,23.0,Optimization terminated successfully. (HiGHS Status 7: Optimal)
OursEstC,5,packing_test_00003,229.0614719262499,232.05269552777483,0.9871097226656999,0.004178799921646714,1.0,packing,Packing,packing,23.0,Optimization terminated successfully. (HiGHS Status 7: Optimal)
OursEstC,10,packing_test_00003,229.0614719262499,232.05269552777483,0.9871097226656999,0.004178799921646714,1.0,packing,Packing,packing,23.0,Optimization terminated successfully. (HiGHS Status 7: Optimal)
OursEstC,20,packing_test_00003,229.0614719262499,232.05269552777483,0.9871097226656999,0.004178799921646714,1.0,packing,Packing,packing,23.0,Optimization terminated successfully. (HiGHS Status 7: Optimal)
OursEstC,30,packing_test_00003,229.0614719262499,232.05269552777483,0.9871097226656999,0.004178799921646714,1.0,packing,Packing,packing,23.0,Optimization terminated successfully. (HiGHS Status 7: Optimal)
OursEstC,40,packing_test_00003,229.0614719262499,232.05269552777483,0.9871097226656999,0.004178799921646714,1.0,packing,Packing,packing,23.0,Optimization terminated successfully. (HiGHS Status 7: Optimal)
OursEstC,50,packing_test_00003,229.0614719262499,232.05269552777483,0.9871097226656999,0.004178799921646714,1.0,packing,Packing,packing,23.0,Optimization terminated successfully. (HiGHS Status 7: Optimal)
OursEstC,5,packing_test_00004,228.0593209300455,230.3178565095968,0.9901938320641795,0.0039057000540196896,1.0,packing,Packing,packing,23.0,Optimization terminated successfully. (HiGHS Status 7: Optimal)
OursEstC,10,packing_test_00004,228.0593209300455,230.3178565095968,0.9901938320641795,0.0039057000540196896,1.0,packing,Packing,packing,23.0,Optimization terminated successfully. (HiGHS Status 7: Optimal)
OursEstC,20,packing_test_00004,228.0593209300455,230.3178565095968,0.9901938320641795,0.0039057000540196896,1.0,packing,Packing,packing,23.0,Optimization terminated successfully. (HiGHS Status 7: Optimal)
OursEstC,30,packing_test_00004,228.0593209300455,230.3178565095968,0.9901938320641795,0.0039057000540196896,1.0,packing,Packing,packing,23.0,Optimization terminated successfully. (HiGHS Status 7: Optimal)
OursEstC,40,packing_test_00004,228.0593209300455,230.3178565095968,0.9901938320641795,0.0039057000540196896,1.0,packing,Packing,packing,23.0,Optimization terminated successfully. (HiGHS Status 7: Optimal)
OursEstC,50,packing_test_00004,228.0593209300455,230.3178565095968,0.9901938320641795,0.0039057000540196896,1.0,packing,Packing,packing,23.0,Optimization terminated successfully. (HiGHS Status 7: Optimal)
OursEstC,5,packing_test_00005,229.23666878029178,231.347256450289,0.9908769712579205,0.0033379000378772616,1.0,packing,Packing,packing,23.0,Optimization terminated successfully. (HiGHS Status 7: Optimal)
OursEstC,10,packing_test_00005,229.23666878029178,231.347256450289,0.9908769712579205,0.0033379000378772616,1.0,packing,Packing,packing,23.0,Optimization terminated successfully. (HiGHS Status 7: Optimal)
OursEstC,20,packing_test_00005,229.23666878029178,231.347256450289,0.9908769712579205,0.0033379000378772616,1.0,packing,Packing,packing,23.0,Optimization terminated successfully. (HiGHS Status 7: Optimal)
OursEstC,30,packing_test_00005,229.23666878029178,231.347256450289,0.9908769712579205,0.0033379000378772616,1.0,packing,Packing,packing,23.0,Optimization terminated successfully. (HiGHS Status 7: Optimal)
OursEstC,40,packing_test_00005,229.23666878029178,231.347256450289,0.9908769712579205,0.0033379000378772616,1.0,packing,Packing,packing,23.0,Optimization terminated successfully. (HiGHS Status 7: Optimal)
OursEstC,50,packing_test_00005,229.23666878029178,231.347256450289,0.9908769712579205,0.0033379000378772616,1.0,packing,Packing,packing,23.0,Optimization terminated successfully. (HiGHS Status 7: Optimal)
OursEstC,5,packing_test_00006,227.701484394953,231.39856840294942,0.9840228743266967,0.0029280000599101186,1.0,packing,Packing,packing,23.0,Optimization terminated successfully. (HiGHS Status 7: Optimal)
OursEstC,10,packing_test_00006,227.701484394953,231.39856840294942,0.9840228743266967,0.0029280000599101186,1.0,packing,Packing,packing,23.0,Optimization terminated successfully. (HiGHS Status 7: Optimal)
OursEstC,20,packing_test_00006,227.701484394953,231.39856840294942,0.9840228743266967,0.0029280000599101186,1.0,packing,Packing,packing,23.0,Optimization terminated successfully. (HiGHS Status 7: Optimal)
OursEstC,30,packing_test_00006,227.701484394953,231.39856840294942,0.9840228743266967,0.0029280000599101186,1.0,packing,Packing,packing,23.0,Optimization terminated successfully. (HiGHS Status 7: Optimal)
OursEstC,40,packing_test_00006,227.701484394953,231.39856840294942,0.9840228743266967,0.0029280000599101186,1.0,packing,Packing,packing,23.0,Optimization terminated successfully. (HiGHS Status 7: Optimal)
OursEstC,50,packing_test_00006,227.701484394953,231.39856840294942,0.9840228743266967,0.0029280000599101186,1.0,packing,Packing,packing,23.0,Optimization terminated successfully. (HiGHS Status 7: Optimal)
OursEstC,5,packing_test_00007,227.6386094309149,229.42646031998237,0.9922073029999506,0.003528099972754717,1.0,packing,Packing,packing,23.0,Optimization terminated successfully. (HiGHS Status 7: Optimal)
OursEstC,10,packing_test_00007,227.6386094309149,229.42646031998237,0.9922073029999506,0.003528099972754717,1.0,packing,Packing,packing,23.0,Optimization terminated successfully. (HiGHS Status 7: Optimal)
OursEstC,20,packing_test_00007,227.6386094309149,229.42646031998237,0.9922073029999506,0.003528099972754717,1.0,packing,Packing,packing,23.0,Optimization terminated successfully. (HiGHS Status 7: Optimal)
OursEstC,30,packing_test_00007,227.6386094309149,229.42646031998237,0.9922073029999506,0.003528099972754717,1.0,packing,Packing,packing,23.0,Optimization terminated successfully. (HiGHS Status 7: Optimal)
OursEstC,40,packing_test_00007,227.6386094309149,229.42646031998237,0.9922073029999506,0.003528099972754717,1.0,packing,Packing,packing,23.0,Optimization terminated successfully. (HiGHS Status 7: Optimal)
OursEstC,50,packing_test_00007,227.6386094309149,229.42646031998237,0.9922073029999506,0.003528099972754717,1.0,packing,Packing,packing,23.0,Optimization terminated successfully. (HiGHS Status 7: Optimal)
OursEstC,5,packing_test_00008,228.312882183232,230.84790939045774,0.9890186260992384,0.00309820007532835,1.0,packing,Packing,packing,23.0,Optimization terminated successfully. (HiGHS Status 7: Optimal)
OursEstC,10,packing_test_00008,228.312882183232,230.84790939045774,0.9890186260992384,0.00309820007532835,1.0,packing,Packing,packing,23.0,Optimization terminated successfully. (HiGHS Status 7: Optimal)
OursEstC,20,packing_test_00008,228.312882183232,230.84790939045774,0.9890186260992384,0.00309820007532835,1.0,packing,Packing,packing,23.0,Optimization terminated successfully. (HiGHS Status 7: Optimal)
OursEstC,30,packing_test_00008,228.312882183232,230.84790939045774,0.9890186260992384,0.00309820007532835,1.0,packing,Packing,packing,23.0,Optimization terminated successfully. (HiGHS Status 7: Optimal)
OursEstC,40,packing_test_00008,228.312882183232,230.84790939045774,0.9890186260992384,0.00309820007532835,1.0,packing,Packing,packing,23.0,Optimization terminated successfully. (HiGHS Status 7: Optimal)
OursEstC,50,packing_test_00008,228.312882183232,230.84790939045774,0.9890186260992384,0.00309820007532835,1.0,packing,Packing,packing,23.0,Optimization terminated successfully. (HiGHS Status 7: Optimal)
OursEstC,5,packing_test_00009,227.30433720192718,230.22174634721085,0.987327829835485,0.0030974000692367554,1.0,packing,Packing,packing,23.0,Optimization terminated successfully. (HiGHS Status 7: Optimal)
OursEstC,10,packing_test_00009,227.30433720192718,230.22174634721085,0.987327829835485,0.0030974000692367554,1.0,packing,Packing,packing,23.0,Optimization terminated successfully. (HiGHS Status 7: Optimal)
OursEstC,20,packing_test_00009,227.30433720192718,230.22174634721085,0.987327829835485,0.0030974000692367554,1.0,packing,Packing,packing,23.0,Optimization terminated successfully. (HiGHS Status 7: Optimal)
OursEstC,30,packing_test_00009,227.30433720192718,230.22174634721085,0.987327829835485,0.0030974000692367554,1.0,packing,Packing,packing,23.0,Optimization terminated successfully. (HiGHS Status 7: Optimal)
OursEstC,40,packing_test_00009,227.30433720192718,230.22174634721085,0.987327829835485,0.0030974000692367554,1.0,packing,Packing,packing,23.0,Optimization terminated successfully. (HiGHS Status 7: Optimal)
OursEstC,50,packing_test_00009,227.30433720192718,230.22174634721085,0.987327829835485,0.0030974000692367554,1.0,packing,Packing,packing,23.0,Optimization terminated successfully. (HiGHS Status 7: Optimal)
OursEstC,5,packing_test_00010,226.79883740588923,230.09828997400098,0.9856606819264735,0.002983700018376112,1.0,packing,Packing,packing,23.0,Optimization terminated successfully. (HiGHS Status 7: Optimal)
OursEstC,10,packing_test_00010,226.79883740588923,230.09828997400098,0.9856606819264735,0.002983700018376112,1.0,packing,Packing,packing,23.0,Optimization terminated successfully. (HiGHS Status 7: Optimal)
OursEstC,20,packing_test_00010,226.79883740588923,230.09828997400098,0.9856606819264735,0.002983700018376112,1.0,packing,Packing,packing,23.0,Optimization terminated successfully. (HiGHS Status 7: Optimal)
OursEstC,30,packing_test_00010,226.79883740588923,230.09828997400098,0.9856606819264735,0.002983700018376112,1.0,packing,Packing,packing,23.0,Optimization terminated successfully. (HiGHS Status 7: Optimal)
OursEstC,40,packing_test_00010,226.79883740588923,230.09828997400098,0.9856606819264735,0.002983700018376112,1.0,packing,Packing,packing,23.0,Optimization terminated successfully. (HiGHS Status 7: Optimal)
OursEstC,50,packing_test_00010,226.79883740588923,230.09828997400098,0.9856606819264735,0.002983700018376112,1.0,packing,Packing,packing,23.0,Optimization terminated successfully. (HiGHS Status 7: Optimal)
OursEstC,5,packing_test_00011,227.63228725685474,230.96025086625357,0.9855907516686669,0.002953799907118082,1.0,packing,Packing,packing,23.0,Optimization terminated successfully. (HiGHS Status 7: Optimal)
OursEstC,10,packing_test_00011,227.63228725685474,230.96025086625357,0.9855907516686669,0.002953799907118082,1.0,packing,Packing,packing,23.0,Optimization terminated successfully. (HiGHS Status 7: Optimal)
OursEstC,20,packing_test_00011,227.63228725685474,230.96025086625357,0.9855907516686669,0.002953799907118082,1.0,packing,Packing,packing,23.0,Optimization terminated successfully. (HiGHS Status 7: Optimal)
OursEstC,30,packing_test_00011,227.63228725685474,230.96025086625357,0.9855907516686669,0.002953799907118082,1.0,packing,Packing,packing,23.0,Optimization terminated successfully. (HiGHS Status 7: Optimal)
OursEstC,40,packing_test_00011,227.63228725685474,230.96025086625357,0.9855907516686669,0.002953799907118082,1.0,packing,Packing,packing,23.0,Optimization terminated successfully. (HiGHS Status 7: Optimal)
OursEstC,50,packing_test_00011,227.63228725685474,230.96025086625357,0.9855907516686669,0.002953799907118082,1.0,packing,Packing,packing,23.0,Optimization terminated successfully. (HiGHS Status 7: Optimal)
