method,K,instance,objective,full_objective,objective_ratio,time,success,signed_nullspace_obj,x_std_norm,y_support_dim,case,title,family,intrinsic_K,message
Full,5,grow7_test_00000,47791245.32398097,47791245.32398097,1.0,0.2024523000000044,1.0,,,,grow7,GROW7,netlib,,
Full,5,grow7_test_00001,47789654.912793584,47789654.912793584,1.0,0.222963000065647,1.0,,,,grow7,GROW7,netlib,,
Full,5,grow7_test_00002,47789577.22636736,47789577.22636736,1.0,0.2301150999264791,1.0,,,,grow7,GROW7,netlib,,
Full,5,grow7_test_00003,47793439.94186266,47793439.94186266,1.0,0.1845347000053152,1.0,,,,grow7,GROW7,netlib,,
Full,5,grow7_test_00004,47790264.16330245,47790264.16330245,1.0,0.2352542000589892,1.0,,,,grow7,GROW7,netlib,,
Full,5,grow7_test_00005,47788232.22720928,47788232.22720928,1.0,0.2222355999983847,1.0,,,,grow7,GROW7,netlib,,
Full,5,grow7_test_00006,47788355.0834065,47788355.0834065,1.0,0.2616078000282869,1.0,,,,grow7,GROW7,netlib,,
Full,5,grow7_test_00007,47789429.89114975,47789429.89114975,1.0,0.2673018000787124,1.0,,,,grow7,GROW7,netlib,,
Full,5,grow7_test_00008,47790538.32057515,47790538.32057515,1.0,0.2798367000650614,1.0,,,,grow7,GROW7,netlib,,
Full,5,grow7_test_00009,47788954.95257182,47788954.95257182,1.0,0.241631899960339,1.0,,,,grow7,GROW7,netlib,,
Full,5,grow7_test_00010,47788971.41571057,47788971.41571057,1.0,0.3057504000607878,1.0,,,,grow7,GROW7,netlib,,
Full,5,grow7_test_00011,47790820.71521506,47790820.71521506,1.0,0.3110032000113278,1.0,,,,grow7,GROW7,netlib,,
Full,10,grow7_test_00000,47791245.32398097,47791245.32398097,1.0,0.2024523000000044,1.0,,,,grow7,GROW7,netlib,,
Full,10,grow7_test_00001,47789654.912793584,47789654.912793584,1.0,0.222963000065647,1.0,,,,grow7,GROW7,netlib,,
Full,10,grow7_test_00002,47789577.22636736,47789577.22636736,1.0,0.2301150999264791,1.0,,,,grow7,GROW7,netlib,,
Full,10,grow7_test_00003,47793439.94186266,47793439.94186266,1.0,0.1845347000053152,1.0,,,,grow7,GROW7,netlib,,
Full,10,grow7_test_00004,47790264.16330245,47790264.16330245,1.0,0.2352542000589892,1.0,,,,grow7,GROW7,netlib,,
Full,10,grow7_test_00005,47788232.22720928,47788232.22720928,1.0,0.2222355999983847,1.0,,,,grow7,GROW7,netlib,,
Full,10,grow7_test_00006,47788355.0834065,47788355.0834065,1.0,0.2616078000282869,1.0,,,,grow7,GROW7,netlib,,
Full,10,grow7_test_00007,47789429.89114975,47789429.89114975,1.0,0.2673018000787124,1.0,,,,grow7,GROW7,netlib,,
Full,10,grow7_test_00008,47790538.32057515,47790538.32057515,1.0,0.2798367000650614,1.0,,,,grow7,GROW7,netlib,,
Full,10,grow7_test_00009,47788954.95257182,47788954.95257182,1.0,0.241631899960339,1.0,,,,grow7,GROW7,netlib,,
Full,10,grow7_test_00010,47788971.41571057,47788971.41571057,1.0,0.3057504000607878,1.0,,,,grow7,GROW7,netlib,,
Full,10,grow7_test_00011,47790820.71521506,47790820.71521506,1.0,0.3110032000113278,1.0,,,,grow7,GROW7,netlib,,
Full,20,grow7_test_00000,47791245.32398097,47791245.32398097,1.0,0.2024523000000044,1.0,,,,grow7,GROW7,netlib,,
Full,20,grow7_test_00001,47789654.912793584,47789654.912793584,1.0,0.222963000065647,1.0,,,,grow7,GROW7,netlib,,
Full,20,grow7_test_00002,47789577.22636736,47789577.22636736,1.0,0.2301150999264791,1.0,,,,grow7,GROW7,netlib,,
Full,20,grow7_test_00003,47793439.94186266,47793439.94186266,1.0,0.1845347000053152,1.0,,,,grow7,GROW7,netlib,,
Full,20,grow7_test_00004,47790264.16330245,47790264.16330245,1.0,0.2352542000589892,1.0,,,,grow7,GROW7,netlib,,
Full,20,grow7_test_00005,47788232.22720928,47788232.22720928,1.0,0.2222355999983847,1.0,,,,grow7,GROW7,netlib,,
Full,20,grow7_test_00006,47788355.0834065,47788355.0834065,1.0,0.2616078000282869,1.0,,,,grow7,GROW7,netlib,,
Full,20,grow7_test_00007,47789429.89114975,47789429.89114975,1.0,0.2673018000787124,1.0,,,,grow7,GROW7,netlib,,
Full,20,grow7_test_00008,47790538.32057515,47790538.32057515,1.0,0.2798367000650614,1.0,,,,grow7,GROW7,netlib,,
Full,20,grow7_test_00009,47788954.95257182,47788954.95257182,1.0,0.241631899960339,1.0,,,,grow7,GROW7,netlib,,
Full,20,grow7_test_00010,47788971.41571057,47788971.41571057,1.0,0.3057504000607878,1.0,,,,grow7,GROW7,netlib,,
Full,20,grow7_test_00011,47790820.71521506,47790820.71521506,1.0,0.3110032000113278,1.0,,,,grow7,GROW7,netlib,,
Full,30,grow7_test_00000,47791245.32398097,47791245.32398097,1.0,0.2024523000000044,1.0,,,,grow7,GROW7,netlib,,
Full,30,grow7_test_00001,47789654.912793584,47789654.912793584,1.0,0.222963000065647,1.0,,,,grow7,GROW7,netlib,,
Full,30,grow7_test_00002,47789577.22636736,47789577.22636736,1.0,0.2301150999264791,1.0,,,,grow7,GROW7,netlib,,
Full,30,grow7_test_00003,47793439.94186266,47793439.94186266,1.0,0.1845347000053152,1.0,,,,grow7,GROW7,netlib,,
Full,30,grow7_test_00004,47790264.16330245,47790264.16330245,1.0,0.2352542000589892,1.0,,,,grow7,GROW7,netlib,,
Full,30,grow7_test_00005,47788232.22720928,47788232.22720928,1.0,0.2222355999983847,1.0,,,,grow7,GROW7,netlib,,
Full,30,grow7_test_00006,47788355.0834065,47788355.0834065,1.0,0.2616078000282869,1.0,,,,grow7,GROW7,netlib,,
Full,30,grow7_test_00007,47789429.89114975,47789429.89114975,1.0,0.2673018000787124,1.0,,,,grow7,GROW7,netlib,,
Full,30,grow7_test_00008,47790538.32057515,47790538.32057515,1.0,0.2798367000650614,1.0,,,,grow7,GROW7,netlib,,
Full,30,grow7_test_00009,47788954.95257182,47788954.95257182,1.0,0.241631899960339,1.0,,,,grow7,GROW7,netlib,,
Full,30,grow7_test_00010,47788971.41571057,47788971.41571057,1.0,0.3057504000607878,1.0,,,,grow7,GROW7,netlib,,
Full,30,grow7_test_00011,47790820.71521506,47790820.71521506,1.0,0.3110032000113278,1.0,,,,grow7,GROW7,netlib,,
Full,40,grow7_test_00000,47791245.32398097,47791245.32398097,1.0,0.2024523000000044,1.0,,,,grow7,GROW7,netlib,,
Full,40,grow7_test_00001,47789654.912793584,47789654.912793584,1.0,0.222963000065647,1.0,,,,grow7,GROW7,netlib,,
Full,40,grow7_test_00002,47789577.22636736,47789577.22636736,1.0,0.2301150999264791,1.0,,,,grow7,GROW7,netlib,,
Full,40,grow7_test_00003,47793439.94186266,47793439.94186266,1.0,0.1845347000053152,1.0,,,,grow7,GROW7,netlib,,
Full,40,grow7_test_00004,47790264.16330245,47790264.16330245,1.0,0.2352542000589892,1.0,,,,grow7,GROW7,netlib,,
Full,40,grow7_test_00005,47788232.22720928,47788232.22720928,1.0,0.2222355999983847,1.0,,,,grow7,GROW7,netlib,,
Full,40,grow7_test_00006,47788355.0834065,47788355.0834065,1.0,0.2616078000282869,1.0,,,,grow7,GROW7,netlib,,
Full,40,grow7_test_00007,47789429.89114975,47789429.89114975,1.0,0.2673018000787124,1.0,,,,grow7,GROW7,netlib,,
Full,40,grow7_test_00008,47790538.32057515,47790538.32057515,1.0,0.2798367000650614,1.0,,,,grow7,GROW7,netlib,,
Full,40,grow7_test_00009,47788954.95257182,47788954.95257182,1.0,0.241631899960339,1.0,,,,grow7,GROW7,netlib,,
Full,40,grow7_test_00010,47788971.41571057,47788971.41571057,1.0,0.3057504000607878,1.0,,,,grow7,GROW7,netlib,,
Full,40,grow7_test_00011,47790820.71521506,47790820.71521506,1.0,0.3110032000113278,1.0,,,,grow7,GROW7,netlib,,
Full,50,grow7_test_00000,47791245.32398097,47791245.32398097,1.0,0.2024523000000044,1.0,,,,grow7,GROW7,netlib,,
Full,50,grow7_test_00001,47789654.912793584,47789654.912793584,1.0,0.222963000065647,1.0,,,,grow7,GROW7,netlib,,
Full,50,grow7_test_00002,47789577.22636736,47789577.22636736,1.0,0.2301150999264791,1.0,,,,grow7,GROW7,netlib,,
Full,50,grow7_test_00003,47793439.94186266,47793439.94186266,1.0,0.1845347000053152,1.0,,,,grow7,GROW7,netlib,,
Full,50,grow7_test_00004,47790264.16330245,47790264.16330245,1.0,0.2352542000589892,1.0,,,,grow7,GROW7,netlib,,
Full,50,grow7_test_00005,47788232.22720928,47788232.22720928,1.0,0.2222355999983847,1.0,,,,grow7,GROW7,netlib,,
Full,50,grow7_test_00006,47788355.0834065,47788355.0834065,1.0,0.2616078000282869,1.0,,,,grow7,GROW7,netlib,,
Full,50,grow7_test_00007,47789429.89114975,47789429.89114975,1.0,0.2673018000787124,1.0,,,,grow7,GROW7,netlib,,
Full,50,grow7_test_00008,47790538.32057515,47790538.32057515,1.0,0.2798367000650614,1.0,,,,grow7,GROW7,netlib,,
Full,50,grow7_test_00009,47788954.95257182,47788954.95257182,1.0,0.241631899960339,1.0,,,,grow7,GROW7,netlib,,
Full,50,grow7_test_00010,47788971.41571057,47788971.41571057,1.0,0.3057504000607878,1.0,,,,grow7,GROW7,netlib,,
Full,50,grow7_test_00011,47790820.71521506,47790820.71521506,1.0,0.3110032000113278,1.0,,,,grow7,GROW7,netlib,,
Rand,5,grow7_test_00000,0.0,47791245.32398097,0.0,0.0067196000600233,1.0,,,,grow7,GROW7,netlib,,
Rand,5,grow7_test_00001,0.0,47789654.912793584,0.0,0.0077441000612452,1.0,,,,grow7,GROW7,netlib,,
Rand,5,grow7_test_00002,0.0,47789577.22636736,0.0,0.0083673000335693,1.0,,,,grow7,GROW7,netlib,,
Rand,5,grow7_test_00003,0.0,47793439.94186266,0.0,0.007328400039114,1.0,,,,grow7,GROW7,netlib,,
Rand,5,grow7_test_00004,0.0,47790264.16330245,0.0,0.0092102999333292,1.0,,,,grow7,GROW7,netlib,,
Rand,5,grow7_test_00005,0.0,47788232.22720928,0.0,0.0078432000009343,1.0,,,,grow7,GROW7,netlib,,
Rand,5,grow7_test_00006,0.0,47788355.0834065,0.0,0.0064755999483168,1.0,,,,grow7,GROW7,netlib,,
Rand,5,grow7_test_00007,0.0,47789429.89114975,0.0,0.0065677999518811,1.0,,,,grow7,GROW7,netlib,,
Rand,5,grow7_test_00008,0.0,47790538.32057515,0.0,0.0063085999572649,1.0,,,,grow7,GROW7,netlib,,
Rand,5,grow7_test_00009,0.0,47788954.95257182,0.0,0.0086236998904496,1.0,,,,grow7,GROW7,netlib,,
Rand,5,grow7_test_00010,0.0,47788971.41571057,0.0,0.0078664999455213,1.0,,,,grow7,GROW7,netlib,,
Rand,5,grow7_test_00011,0.0,47790820.71521506,0.0,0.007473999983631,1.0,,,,grow7,GROW7,netlib,,
Rand,5,grow7_test_00000,0.0,47791245.32398097,0.0,0.0105135000776499,1.0,,,,grow7,GROW7,netlib,,
Rand,5,grow7_test_00001,0.0,47789654.912793584,0.0,0.0080574000021442,1.0,,,,grow7,GROW7,netlib,,
Rand,5,grow7_test_00002,0.0,47789577.22636736,0.0,0.0084413000149652,1.0,,,,grow7,GROW7,netlib,,
Rand,5,grow7_test_00003,0.0,47793439.94186266,0.0,0.0087888000998646,1.0,,,,grow7,GROW7,netlib,,
Rand,5,grow7_test_00004,0.0,47790264.16330245,0.0,0.00890320003964,1.0,,,,grow7,GROW7,netlib,,
Rand,5,grow7_test_00005,0.0,47788232.22720928,0.0,0.0084243000019341,1.0,,,,grow7,GROW7,netlib,,
Rand,5,grow7_test_00006,0.0,47788355.0834065,0.0,0.0082028000615537,1.0,,,,grow7,GROW7,netlib,,
Rand,5,grow7_test_00007,0.0,47789429.89114975,0.0,0.0080977999605238,1.0,,,,grow7,GROW7,netlib,,
Rand,5,grow7_test_00008,0.0,47790538.32057515,0.0,0.0087305000051856,1.0,,,,grow7,GROW7,netlib,,
Rand,5,grow7_test_00009,0.0,47788954.95257182,0.0,0.0081667000195011,1.0,,,,grow7,GROW7,netlib,,
Rand,5,grow7_test_00010,0.0,47788971.41571057,0.0,0.0129293999634683,1.0,,,,grow7,GROW7,netlib,,
Rand,5,grow7_test_00011,0.0,47790820.71521506,0.0,0.00801530003082,1.0,,,,grow7,GROW7,netlib,,
Rand,5,grow7_test_00000,0.0,47791245.32398097,0.0,0.0065944999223575,1.0,,,,grow7,GROW7,netlib,,
Rand,5,grow7_test_00001,0.0,47789654.912793584,0.0,0.0085030000191181,1.0,,,,grow7,GROW7,netlib,,
Rand,5,grow7_test_00002,0.0,47789577.22636736,0.0,0.0063722999766469,1.0,,,,grow7,GROW7,netlib,,
Rand,5,grow7_test_00003,0.0,47793439.94186266,0.0,0.0076042999280616,1.0,,,,grow7,GROW7,netlib,,
Rand,5,grow7_test_00004,0.0,47790264.16330245,0.0,0.0062124000396579,1.0,,,,grow7,GROW7,netlib,,
Rand,5,grow7_test_00005,0.0,47788232.22720928,0.0,0.0061236999463289,1.0,,,,grow7,GROW7,netlib,,
Rand,5,grow7_test_00006,0.0,47788355.0834065,0.0,0.0067558001028373,1.0,,,,grow7,GROW7,netlib,,
Rand,5,grow7_test_00007,0.0,47789429.89114975,0.0,0.0060582000296562,1.0,,,,grow7,GROW7,netlib,,
Rand,5,grow7_test_00008,0.0,47790538.32057515,0.0,0.0062687000026926,1.0,,,,grow7,GROW7,netlib,,
Rand,5,grow7_test_00009,0.0,47788954.95257182,0.0,0.0061240999493747,1.0,,,,grow7,GROW7,netlib,,
Rand,5,grow7_test_00010,0.0,47788971.41571057,0.0,0.0066662000026553,1.0,,,,grow7,GROW7,netlib,,
Rand,5,grow7_test_00011,0.0,47790820.71521506,0.0,0.0133760999888181,1.0,,,,grow7,GROW7,netlib,,
PCA,5,grow7_test_00000,0.0,47791245.32398097,0.0,0.0151202999986708,1.0,,,,grow7,GROW7,netlib,,
PCA,5,grow7_test_00001,0.0,47789654.912793584,0.0,0.016462399973534,1.0,,,,grow7,GROW7,netlib,,
PCA,5,grow7_test_00002,0.0,47789577.22636736,0.0,0.011623500031419,1.0,,,,grow7,GROW7,netlib,,
PCA,5,grow7_test_00003,0.0,47793439.94186266,0.0,0.0147058999864384,1.0,,,,grow7,GROW7,netlib,,
PCA,5,grow7_test_00004,0.0,47790264.16330245,0.0,0.0251824000151827,1.0,,,,grow7,GROW7,netlib,,
PCA,5,grow7_test_00005,0.0,47788232.22720928,0.0,0.0125971001107245,1.0,,,,grow7,GROW7,netlib,,
PCA,5,grow7_test_00006,0.0,47788355.0834065,0.0,0.0109683000482618,1.0,,,,grow7,GROW7,netlib,,
PCA,5,grow7_test_00007,0.0,47789429.89114975,0.0,0.0185820999322459,1.0,,,,grow7,GROW7,netlib,,
PCA,5,grow7_test_00008,0.0,47790538.32057515,0.0,0.0122132999822497,1.0,,,,grow7,GROW7,netlib,,
PCA,5,grow7_test_00009,0.0,47788954.95257182,0.0,0.0151099999202415,1.0,,,,grow7,GROW7,netlib,,
PCA,5,grow7_test_00010,0.0,47788971.41571057,0.0,0.0105395000427961,1.0,,,,grow7,GROW7,netlib,,
PCA,5,grow7_test_00011,0.0,47790820.71521506,0.0,0.0088260999182239,1.0,,,,grow7,GROW7,netlib,,
SGA,5,grow7_test_00000,1208466.077857206,47791245.32398097,0.02528634836077,0.0101804999867454,1.0,,,,grow7,GROW7,netlib,,
SGA,5,grow7_test_00001,1208491.979588095,47789654.912793584,0.0252877318698648,0.0109475000062957,1.0,,,,grow7,GROW7,netlib,,
SGA,5,grow7_test_00002,1208477.5621661972,47789577.22636736,0.0252874712919501,0.0113430999917909,1.0,,,,grow7,GROW7,netlib,,
SGA,5,grow7_test_00003,1208490.4579722811,47793439.94186266,0.0252856973560037,0.0114932999713346,1.0,,,,grow7,GROW7,netlib,,
SGA,5,grow7_test_00004,1208486.3167307335,47790264.16330245,0.0252872909972051,0.010272700106725,1.0,,,,grow7,GROW7,netlib,,
SGA,5,grow7_test_00005,1208500.693983283,47788232.22720928,0.0252886670558865,0.0112238000147044,1.0,,,,grow7,GROW7,netlib,,
SGA,5,grow7_test_00006,1208499.5470637237,47788355.0834065,0.0252885780427991,0.0114308999618515,1.0,,,,grow7,GROW7,netlib,,
SGA,5,grow7_test_00007,1208507.3717048292,47789429.89114975,0.025288173021889,0.0109272000845521,1.0,,,,grow7,GROW7,netlib,,
SGA,5,grow7_test_00008,1208481.6271058992,47790538.32057515,0.0252870478043059,0.0102294000098481,1.0,,,,grow7,GROW7,netlib,,
SGA,5,grow7_test_00009,1208512.7954215962,47788954.95257182,0.0252885378351752,0.0103863000404089,1.0,,,,grow7,GROW7,netlib,,
SGA,5,grow7_test_00010,1208497.845970281,47788971.41571057,0.0252882163011566,0.0131535000400617,1.0,,,,grow7,GROW7,netlib,,
SGA,5,grow7_test_00011,1208500.853871134,47790820.71521506,0.0252873006946789,0.0103574000531807,1.0,,,,grow7,GROW7,netlib,,
CostOnly,5,grow7_test_00000,13.793260792584103,47791245.323980615,2.886148017085243e-07,0.0168018999975174,1.0,13.793260792584103,5342804.395610197,134.0,grow7,GROW7,netlib,,
CostOnly,5,grow7_test_00001,13.792865291946162,47789654.91279318,2.886161307738141e-07,0.0149710000259801,1.0,13.792865291946162,5342804.395610197,134.0,grow7,GROW7,netlib,,
CostOnly,5,grow7_test_00002,13.79330423307746,47789577.22636727,2.886257848179328e-07,0.0104948000516742,1.0,13.79330423307746,5342804.395610197,134.0,grow7,GROW7,netlib,,
CostOnly,5,grow7_test_00003,13.793712759607688,47793439.94186278,2.886110055352101e-07,0.0150830999482423,1.0,13.793712759607688,5342804.395610197,134.0,grow7,GROW7,netlib,,
CostOnly,5,grow7_test_00004,13.79274155852389,47790264.163303286,2.8860986228058815e-07,0.0145041000796481,1.0,13.79274155852389,5342804.395610197,134.0,grow7,GROW7,netlib,,
CostOnly,5,grow7_test_00005,13.791846201627552,47788232.22720969,2.8860339792554085e-07,0.0147413000231608,1.0,13.791846201627552,5342804.395610197,134.0,grow7,GROW7,netlib,,
CostOnly,5,grow7_test_00006,13.79151368236868,47788355.08337842,2.8859569780767777e-07,0.0082799999509006,1.0,13.79151368236868,5342804.395610197,134.0,grow7,GROW7,netlib,,
CostOnly,5,grow7_test_00007,13.792193381773544,47789429.89114942,2.886034299465007e-07,0.0110821999842301,1.0,13.792193381773544,5342804.395610197,134.0,grow7,GROW7,netlib,,
CostOnly,5,grow7_test_00008,13.79424637689315,47790538.32057546,2.8863969441738334e-07,0.0105383000336587,1.0,13.79424637689315,5342804.395610197,134.0,grow7,GROW7,netlib,,
CostOnly,5,grow7_test_00009,13.791173046311348,47788954.95257244,2.885849472958392e-07,0.0079713000450283,1.0,13.791173046311348,5342804.395610197,134.0,grow7,GROW7,netlib,,
CostOnly,5,grow7_test_00010,13.79240587096226,47788971.41571027,2.8861064514203186e-07,0.0105821000179275,1.0,13.79240587096226,5342804.395610197,134.0,grow7,GROW7,netlib,,
CostOnly,5,grow7_test_00011,13.793653426649994,47790820.71521496,2.8862558165398e-07,0.0101357999956235,1.0,13.793653426649994,5342804.395610197,134.0,grow7,GROW7,netlib,,
Rand,10,grow7_test_00000,0.0,47791245.32398097,0.0,0.0142163999844342,1.0,,,,grow7,GROW7,netlib,,
Rand,10,grow7_test_00001,0.0,47789654.912793584,0.0,0.0119134000269696,1.0,,,,grow7,GROW7,netlib,,
Rand,10,grow7_test_00002,0.0,47789577.22636736,0.0,0.0085871999617666,1.0,,,,grow7,GROW7,netlib,,
Rand,10,grow7_test_00003,0.0,47793439.94186266,0.0,0.007366899983026,1.0,,,,grow7,GROW7,netlib,,
Rand,10,grow7_test_00004,0.0,47790264.16330245,0.0,0.010022799950093,1.0,,,,grow7,GROW7,netlib,,
Rand,10,grow7_test_00005,0.0,47788232.22720928,0.0,0.0085695000598207,1.0,,,,grow7,GROW7,netlib,,
Rand,10,grow7_test_00006,0.0,47788355.0834065,0.0,0.0109529999317601,1.0,,,,grow7,GROW7,netlib,,
Rand,10,grow7_test_00007,0.0,47789429.89114975,0.0,0.0086251999018713,1.0,,,,grow7,GROW7,netlib,,
Rand,10,grow7_test_00008,0.0,47790538.32057515,0.0,0.0089252000907436,1.0,,,,grow7,GROW7,netlib,,
Rand,10,grow7_test_00009,0.0,47788954.95257182,0.0,0.0084134000353515,1.0,,,,grow7,GROW7,netlib,,
Rand,10,grow7_test_00010,0.0,47788971.41571057,0.0,0.0078230999642983,1.0,,,,grow7,GROW7,netlib,,
Rand,10,grow7_test_00011,0.0,47790820.71521506,0.0,0.0116898999549448,1.0,,,,grow7,GROW7,netlib,,
Rand,10,grow7_test_00000,0.0,47791245.32398097,0.0,0.0092726000584661,1.0,,,,grow7,GROW7,netlib,,
Rand,10,grow7_test_00001,0.0,47789654.912793584,0.0,0.0085369999287649,1.0,,,,grow7,GROW7,netlib,,
Rand,10,grow7_test_00002,0.0,47789577.22636736,0.0,0.01335929997731,1.0,,,,grow7,GROW7,netlib,,
Rand,10,grow7_test_00003,0.0,47793439.94186266,0.0,0.0106520999688655,1.0,,,,grow7,GROW7,netlib,,
Rand,10,grow7_test_00004,0.0,47790264.16330245,0.0,0.0085544999456033,1.0,,,,grow7,GROW7,netlib,,
Rand,10,grow7_test_00005,0.0,47788232.22720928,0.0,0.0095254000043496,1.0,,,,grow7,GROW7,netlib,,
Rand,10,grow7_test_00006,0.0,47788355.0834065,0.0,0.0074529000557959,1.0,,,,grow7,GROW7,netlib,,
Rand,10,grow7_test_00007,0.0,47789429.89114975,0.0,0.008562900009565,1.0,,,,grow7,GROW7,netlib,,
Rand,10,grow7_test_00008,0.0,47790538.32057515,0.0,0.0087549000745639,1.0,,,,grow7,GROW7,netlib,,
Rand,10,grow7_test_00009,0.0,47788954.95257182,0.0,0.0089627000270411,1.0,,,,grow7,GROW7,netlib,,
Rand,10,grow7_test_00010,0.0,47788971.41571057,0.0,0.0085571000818163,1.0,,,,grow7,GROW7,netlib,,
Rand,10,grow7_test_00011,0.0,47790820.71521506,0.0,0.0070390000473707,1.0,,,,grow7,GROW7,netlib,,
Rand,10,grow7_test_00000,0.0,47791245.32398097,0.0,0.0090461999643594,1.0,,,,grow7,GROW7,netlib,,
Rand,10,grow7_test_00001,0.0,47789654.912793584,0.0,0.0070508000208064,1.0,,,,grow7,GROW7,netlib,,
Rand,10,grow7_test_00002,0.0,47789577.22636736,0.0,0.0092574999434873,1.0,,,,grow7,GROW7,netlib,,
Rand,10,grow7_test_00003,0.0,47793439.94186266,0.0,0.0090300999581813,1.0,,,,grow7,GROW7,netlib,,
Rand,10,grow7_test_00004,0.0,47790264.16330245,0.0,0.0090488999849185,1.0,,,,grow7,GROW7,netlib,,
Rand,10,grow7_test_00005,0.0,47788232.22720928,0.0,0.0086702000116929,1.0,,,,grow7,GROW7,netlib,,
Rand,10,grow7_test_00006,0.0,47788355.0834065,0.0,0.0083533999277278,1.0,,,,grow7,GROW7,netlib,,
Rand,10,grow7_test_00007,0.0,47789429.89114975,0.0,0.009677099995315,1.0,,,,grow7,GROW7,netlib,,
Rand,10,grow7_test_00008,0.0,47790538.32057515,0.0,0.0090154000790789,1.0,,,,grow7,GROW7,netlib,,
Rand,10,grow7_test_00009,0.0,47788954.95257182,0.0,0.0091126000043004,1.0,,,,grow7,GROW7,netlib,,
Rand,10,grow7_test_00010,0.0,47788971.41571057,0.0,0.0089299998944625,1.0,,,,grow7,GROW7,netlib,,
Rand,10,grow7_test_00011,0.0,47790820.71521506,0.0,0.0088838000083342,1.0,,,,grow7,GROW7,netlib,,
PCA,10,grow7_test_00000,0.0,47791245.32398097,0.0,0.0181818000273779,1.0,,,,grow7,GROW7,netlib,,
PCA,10,grow7_test_00001,0.0,47789654.912793584,0.0,0.0159618000034242,1.0,,,,grow7,GROW7,netlib,,
PCA,10,grow7_test_00002,0.0,47789577.22636736,0.0,0.0168293999740853,1.0,,,,grow7,GROW7,netlib,,
PCA,10,grow7_test_00003,0.0,47793439.94186266,0.0,0.017222800059244,1.0,,,,grow7,GROW7,netlib,,
PCA,10,grow7_test_00004,0.0,47790264.16330245,0.0,0.0196007000049576,1.0,,,,grow7,GROW7,netlib,,
PCA,10,grow7_test_00005,0.0,47788232.22720928,0.0,0.0170137999812141,1.0,,,,grow7,GROW7,netlib,,
PCA,10,grow7_test_00006,0.0,47788355.0834065,0.0,0.0277398000471293,1.0,,,,grow7,GROW7,netlib,,
PCA,10,grow7_test_00007,0.0,47789429.89114975,0.0,0.0239407999906688,1.0,,,,grow7,GROW7,netlib,,
PCA,10,grow7_test_00008,0.0,47790538.32057515,0.0,0.0190126999514177,1.0,,,,grow7,GROW7,netlib,,
PCA,10,grow7_test_00009,0.0,47788954.95257182,0.0,0.0229309001006186,1.0,,,,grow7,GROW7,netlib,,
PCA,10,grow7_test_00010,0.0,47788971.41571057,0.0,0.0195092000067234,1.0,,,,grow7,GROW7,netlib,,
PCA,10,grow7_test_00011,0.0,47790820.71521506,0.0,0.0165838999673724,1.0,,,,grow7,GROW7,netlib,,
SGA,10,grow7_test_00000,1212206.1212890234,47791245.32398097,0.0253646062803212,0.0223746000556275,1.0,,,,grow7,GROW7,netlib,,
SGA,10,grow7_test_00001,1212232.1248156864,47789654.912793584,0.0253659945238726,0.0213313000276684,1.0,,,,grow7,GROW7,netlib,,
SGA,10,grow7_test_00002,1212217.8060401396,47789577.22636736,0.0253657361373624,0.0204710999969393,1.0,,,,grow7,GROW7,netlib,,
SGA,10,grow7_test_00003,1212230.7711319134,47793439.94186266,0.0253639573256603,0.0235649000387638,1.0,,,,grow7,GROW7,netlib,,
SGA,10,grow7_test_00004,1212226.5760448994,47790264.16330245,0.0253655550407221,0.0194783000042662,1.0,,,,grow7,GROW7,netlib,,
SGA,10,grow7_test_00005,1212240.9755238837,47788232.22720928,0.0253669348922613,0.020014900015667,1.0,,,,grow7,GROW7,netlib,,
SGA,10,grow7_test_00006,1212239.853648841,47788355.0834065,0.0253668462020314,0.0242826999165117,1.0,,,,grow7,GROW7,netlib,,
SGA,10,grow7_test_00007,1212247.3780778206,47789429.89114975,0.0253664331388544,0.0235366999404504,1.0,,,,grow7,GROW7,netlib,,
SGA,10,grow7_test_00008,1212221.272831374,47790538.32057515,0.0253652985597251,0.0200044999364763,1.0,,,,grow7,GROW7,netlib,,
SGA,10,grow7_test_00009,1212253.0732127896,47788954.95257182,0.0253668044094266,0.0222222000593319,1.0,,,,grow7,GROW7,netlib,,
SGA,10,grow7_test_00010,1212237.8378350849,47788971.41571057,0.0253664768653414,0.0200294000096619,1.0,,,,grow7,GROW7,netlib,,
SGA,10,grow7_test_00011,1212240.56973345,47790820.71521506,0.0253655524552963,0.0225447999546304,1.0,,,,grow7,GROW7,netlib,,
CostOnly,10,grow7_test_00000,13.822996220603551,47791245.323980615,2.892369957488317e-07,0.0195051000919193,1.0,13.822996220603551,5342804.375871053,131.0,grow7,GROW7,netlib,,
CostOnly,10,grow7_test_00001,13.824075675716823,47789654.91279318,2.892692090148605e-07,0.0200890999985858,1.0,13.824075675716823,5342804.375871053,131.0,grow7,GROW7,netlib,,
CostOnly,10,grow7_test_00002,13.823510661346877,47789577.22636727,2.892578562867038e-07,0.0236923999618738,1.0,13.823510661346877,5342804.375871053,131.0,grow7,GROW7,netlib,,
CostOnly,10,grow7_test_00003,13.823544604635735,47793439.94186278,2.892351883742009e-07,0.0193249000003561,1.0,13.823544604635735,5342804.375871053,131.0,grow7,GROW7,netlib,,
CostOnly,10,grow7_test_00004,13.824500046496668,47790264.163303286,2.8927440114700365e-07,0.0156198000768199,1.0,13.824500046496668,5342804.375871053,131.0,grow7,GROW7,netlib,,
CostOnly,10,grow7_test_00005,13.82236551873895,47788232.22720969,2.892420345875185e-07,0.0177510000066831,1.0,13.82236551873895,5342804.375871053,131.0,grow7,GROW7,netlib,,
CostOnly,10,grow7_test_00006,13.82161061176486,47788355.08337842,2.8922549411147744e-07,0.0168383000418543,1.0,13.82161061176486,5342804.375871053,131.0,grow7,GROW7,netlib,,
CostOnly,10,grow7_test_00007,13.82322889387778,47789429.89114942,2.892528520504037e-07,0.0155366000253707,1.0,13.82322889387778,5342804.375871053,131.0,grow7,GROW7,netlib,,
CostOnly,10,grow7_test_00008,13.823530314709169,47790538.32057546,2.89252450390534e-07,0.0173611000645905,1.0,13.823530314709169,5342804.375871053,131.0,grow7,GROW7,netlib,,
CostOnly,10,grow7_test_00009,13.822118180135696,47788954.95257244,2.892324846578732e-07,0.0151358001166954,1.0,13.822118180135696,5342804.375871053,131.0,grow7,GROW7,netlib,,
CostOnly,10,grow7_test_00010,13.822989073669705,47788971.41571027,2.89250608752912e-07,0.0191825000802055,1.0,13.822989073669705,5342804.375871053,131.0,grow7,GROW7,netlib,,
CostOnly,10,grow7_test_00011,13.824176708187036,47790820.71521496,2.892642666792682e-07,0.0218881999608129,1.0,13.824176708187036,5342804.375871053,131.0,grow7,GROW7,netlib,,
Rand,20,grow7_test_00000,0.0,47791245.32398097,0.0,0.0141038000583648,1.0,,,,grow7,GROW7,netlib,,
Rand,20,grow7_test_00001,0.0,47789654.912793584,0.0,0.0173954999772831,1.0,,,,grow7,GROW7,netlib,,
Rand,20,grow7_test_00002,0.0,47789577.22636736,0.0,0.0139899000059813,1.0,,,,grow7,GROW7,netlib,,
Rand,20,grow7_test_00003,0.0,47793439.94186266,0.0,0.0143893999047577,1.0,,,,grow7,GROW7,netlib,,
Rand,20,grow7_test_00004,0.0,47790264.16330245,0.0,0.016279499977827,1.0,,,,grow7,GROW7,netlib,,
Rand,20,grow7_test_00005,0.0,47788232.22720928,0.0,0.0146273999707773,1.0,,,,grow7,GROW7,netlib,,
Rand,20,grow7_test_00006,0.0,47788355.0834065,0.0,0.0147313999477773,1.0,,,,grow7,GROW7,netlib,,
Rand,20,grow7_test_00007,0.0,47789429.89114975,0.0,0.0173916999483481,1.0,,,,grow7,GROW7,netlib,,
Rand,20,grow7_test_00008,0.0,47790538.32057515,0.0,0.0195162999443709,1.0,,,,grow7,GROW7,netlib,,
Rand,20,grow7_test_00009,0.0,47788954.95257182,0.0,0.0164151000790298,1.0,,,,grow7,GROW7,netlib,,
Rand,20,grow7_test_00010,0.0,47788971.41571057,0.0,0.0146502000279724,1.0,,,,grow7,GROW7,netlib,,
Rand,20,grow7_test_00011,0.0,47790820.71521506,0.0,0.01404509996064,1.0,,,,grow7,GROW7,netlib,,
Rand,20,grow7_test_00000,0.0,47791245.32398097,0.0,0.0140646001091226,1.0,,,,grow7,GROW7,netlib,,
Rand,20,grow7_test_00001,0.0,47789654.912793584,0.0,0.0146940000122413,1.0,,,,grow7,GROW7,netlib,,
Rand,20,grow7_test_00002,0.0,47789577.22636736,0.0,0.0189597000135108,1.0,,,,grow7,GROW7,netlib,,
Rand,20,grow7_test_00003,0.0,47793439.94186266,0.0,0.0162998000159859,1.0,,,,grow7,GROW7,netlib,,
Rand,20,grow7_test_00004,0.0,47790264.16330245,0.0,0.0143457000376656,1.0,,,,grow7,GROW7,netlib,,
Rand,20,grow7_test_00005,0.0,47788232.22720928,0.0,0.0133412999566644,1.0,,,,grow7,GROW7,netlib,,
Rand,20,grow7_test_00006,0.0,47788355.0834065,0.0,0.0153286999557167,1.0,,,,grow7,GROW7,netlib,,
Rand,20,grow7_test_00007,0.0,47789429.89114975,0.0,0.0210591000504791,1.0,,,,grow7,GROW7,netlib,,
Rand,20,grow7_test_00008,0.0,47790538.32057515,0.0,0.0160385000053793,1.0,,,,grow7,GROW7,netlib,,
Rand,20,grow7_test_00009,0.0,47788954.95257182,0.0,0.0226284000091254,1.0,,,,grow7,GROW7,netlib,,
Rand,20,grow7_test_00010,0.0,47788971.41571057,0.0,0.0184863000176846,1.0,,,,grow7,GROW7,netlib,,
Rand,20,grow7_test_00011,0.0,47790820.71521506,0.0,0.0173689000075683,1.0,,,,grow7,GROW7,netlib,,
Rand,20,grow7_test_00000,0.0,47791245.32398097,0.0,0.0129611999727785,1.0,,,,grow7,GROW7,netlib,,
Rand,20,grow7_test_00001,0.0,47789654.912793584,0.0,0.0140267999377101,1.0,,,,grow7,GROW7,netlib,,
Rand,20,grow7_test_00002,0.0,47789577.22636736,0.0,0.0112268000375479,1.0,,,,grow7,GROW7,netlib,,
Rand,20,grow7_test_00003,0.0,47793439.94186266,0.0,0.0160382000030949,1.0,,,,grow7,GROW7,netlib,,
Rand,20,grow7_test_00004,0.0,47790264.16330245,0.0,0.0199980000033974,1.0,,,,grow7,GROW7,netlib,,
Rand,20,grow7_test_00005,0.0,47788232.22720928,0.0,0.0128472000360488,1.0,,,,grow7,GROW7,netlib,,
Rand,20,grow7_test_00006,0.0,47788355.0834065,0.0,0.0156796999508515,1.0,,,,grow7,GROW7,netlib,,
Rand,20,grow7_test_00007,0.0,47789429.89114975,0.0,0.0134460000554099,1.0,,,,grow7,GROW7,netlib,,
Rand,20,grow7_test_00008,0.0,47790538.32057515,0.0,0.0133291999809443,1.0,,,,grow7,GROW7,netlib,,
Rand,20,grow7_test_00009,0.0,47788954.95257182,0.0,0.0165469000348821,1.0,,,,grow7,GROW7,netlib,,
Rand,20,grow7_test_00010,0.0,47788971.41571057,0.0,0.0124468000140041,1.0,,,,grow7,GROW7,netlib,,
Rand,20,grow7_test_00011,0.0,47790820.71521506,0.0,0.0140320999780669,1.0,,,,grow7,GROW7,netlib,,
PCA,20,grow7_test_00000,0.0,47791245.32398097,0.0,0.0365878000156953,1.0,,,,grow7,GROW7,netlib,,
PCA,20,grow7_test_00001,0.0,47789654.912793584,0.0,0.0416759999934583,1.0,,,,grow7,GROW7,netlib,,
PCA,20,grow7_test_00002,0.0,47789577.22636736,0.0,0.033058000029996,1.0,,,,grow7,GROW7,netlib,,
PCA,20,grow7_test_00003,0.0,47793439.94186266,0.0,0.0341807999648153,1.0,,,,grow7,GROW7,netlib,,
PCA,20,grow7_test_00004,0.0,47790264.16330245,0.0,0.0348762000212445,1.0,,,,grow7,GROW7,netlib,,
PCA,20,grow7_test_00005,0.0,47788232.22720928,0.0,0.0384022999787703,1.0,,,,grow7,GROW7,netlib,,
PCA,20,grow7_test_00006,0.0,47788355.0834065,0.0,0.0298530999571084,1.0,,,,grow7,GROW7,netlib,,
PCA,20,grow7_test_00007,0.0,47789429.89114975,0.0,0.0311123999999836,1.0,,,,grow7,GROW7,netlib,,
PCA,20,grow7_test_00008,0.0,47790538.32057515,0.0,0.0302370999706909,1.0,,,,grow7,GROW7,netlib,,
PCA,20,grow7_test_00009,0.0,47788954.95257182,0.0,0.0299079000251367,1.0,,,,grow7,GROW7,netlib,,
PCA,20,grow7_test_00010,0.0,47788971.41571057,0.0,0.0514230000553652,1.0,,,,grow7,GROW7,netlib,,
PCA,20,grow7_test_00011,0.0,47790820.71521506,0.0,0.034387300023809,1.0,,,,grow7,GROW7,netlib,,
SGA,20,grow7_test_00000,1315943.553318056,47791245.32398097,0.0275352430010383,0.0451224000426009,1.0,,,,grow7,GROW7,netlib,,
SGA,20,grow7_test_00001,1315972.5284770303,47789654.912793584,0.0275367656635816,0.036704400088638,1.0,,,,grow7,GROW7,netlib,,
SGA,20,grow7_test_00002,1315964.9111887217,47789577.22636736,0.0275366510349175,0.0476496999617666,1.0,,,,grow7,GROW7,netlib,,
SGA,20,grow7_test_00003,1315968.041078202,47793439.94186266,0.0275344909820047,0.0436190000036731,1.0,,,,grow7,GROW7,netlib,,
SGA,20,grow7_test_00004,1315971.3166012592,47790264.16330245,0.0275363892550269,0.0414063999196514,1.0,,,,grow7,GROW7,netlib,,
SGA,20,grow7_test_00005,1315987.3805341236,47788232.22720928,0.0275378962393347,0.039967400021851,1.0,,,,grow7,GROW7,netlib,,
SGA,20,grow7_test_00006,1315986.083501093,47788355.0834065,0.0275377983026254,0.0391842999961227,1.0,,,,grow7,GROW7,netlib,,
SGA,20,grow7_test_00007,1315991.7840716098,47789429.89114975,0.0275372982491955,0.0406276000430807,1.0,,,,grow7,GROW7,netlib,,
SGA,20,grow7_test_00008,1315961.4534486537,47790538.32057515,0.0275360249056264,0.0475978000322356,1.0,,,,grow7,GROW7,netlib,,
SGA,20,grow7_test_00009,1316001.9853108493,47788954.95257182,0.0275377853861193,0.0449223000323399,1.0,,,,grow7,GROW7,netlib,,
SGA,20,grow7_test_00010,1315986.4275228686,47788971.41571057,0.0275374503475971,0.0395924999611452,1.0,,,,grow7,GROW7,netlib,,
SGA,20,grow7_test_00011,1315982.3966261195,47790820.71521506,0.0275363004219585,0.0388324999948963,1.0,,,,grow7,GROW7,netlib,,
CostOnly,20,grow7_test_00000,13.968765460257371,47791245.323980615,2.922871200690003e-07,0.0317360002081841,1.0,13.968765460257371,5342804.393324373,120.0,grow7,GROW7,netlib,,
CostOnly,20,grow7_test_00001,13.969148984622835,47789654.91279318,2.923048724690273e-07,0.0296345999231562,1.0,13.969148984622835,5342804.391982985,120.0,grow7,GROW7,netlib,,
CostOnly,20,grow7_test_00002,13.967981473863723,47789577.22636727,2.922809173996433e-07,0.0318639000179246,1.0,13.967981473863723,5342804.398164638,120.0,grow7,GROW7,netlib,,
CostOnly,20,grow7_test_00003,13.96855505848051,47793439.94186278,2.922692962773183e-07,0.032559800078161,1.0,13.96855505848051,5342804.388065154,119.0,grow7,GROW7,netlib,,
CostOnly,20,grow7_test_00004,13.968701969461174,47790264.163303286,2.922917923560532e-07,0.0268024000106379,1.0,13.968701969461174,5342804.392890071,119.0,grow7,GROW7,netlib,,
CostOnly,20,grow7_test_00005,13.967937694495904,47788232.22720969,2.922882275302671e-07,0.0293289001565426,1.0,13.967937694495904,5342804.388065154,119.0,grow7,GROW7,netlib,,
CostOnly,20,grow7_test_00006,13.967119489721275,47788355.08337842,2.922703546785036e-07,0.0320175001397728,1.0,13.967119489721275,5342804.388065154,119.0,grow7,GROW7,netlib,,
CostOnly,20,grow7_test_00007,13.969431134995355,47789429.89114942,2.9231215285082297e-07,0.0355110000818967,1.0,13.969431134995355,5342804.392890071,119.0,grow7,GROW7,netlib,,
CostOnly,20,grow7_test_00008,13.97034703984156,47790538.32057546,2.923245380943292e-07,0.0298853999702259,1.0,13.97034703984156,5342804.398164638,120.0,grow7,GROW7,netlib,,
CostOnly,20,grow7_test_00009,13.96761928610094,47788954.95257244,2.922771443728563e-07,0.0355684000533074,1.0,13.96761928610094,5342804.392890071,119.0,grow7,GROW7,netlib,,
CostOnly,20,grow7_test_00010,13.969012578245302,47788971.41571027,2.9230619878236365e-07,0.0366469000000506,1.0,13.969012578245302,5342804.392890071,119.0,grow7,GROW7,netlib,,
CostOnly,20,grow7_test_00011,13.970317604596358,47790820.71521496,2.923221948383215e-07,0.0343882000306621,1.0,13.970317604596358,5342804.397408634,119.0,grow7,GROW7,netlib,,
Rand,30,grow7_test_00000,0.0,47791245.32398097,0.0,0.0256743000354617,1.0,,,,grow7,GROW7,netlib,,
Rand,30,grow7_test_00001,0.0,47789654.912793584,0.0,0.0259436999913305,1.0,,,,grow7,GROW7,netlib,,
Rand,30,grow7_test_00002,0.0,47789577.22636736,0.0,0.0269035999663174,1.0,,,,grow7,GROW7,netlib,,
Rand,30,grow7_test_00003,0.0,47793439.94186266,0.0,0.0232522999867796,1.0,,,,grow7,GROW7,netlib,,
Rand,30,grow7_test_00004,0.0,47790264.16330245,0.0,0.0267853999976068,1.0,,,,grow7,GROW7,netlib,,
Rand,30,grow7_test_00005,0.0,47788232.22720928,0.0,0.0247987000038847,1.0,,,,grow7,GROW7,netlib,,
Rand,30,grow7_test_00006,0.0,47788355.0834065,0.0,0.0212612999603152,1.0,,,,grow7,GROW7,netlib,,
Rand,30,grow7_test_00007,0.0,47789429.89114975,0.0,0.0178806000621989,1.0,,,,grow7,GROW7,netlib,,
Rand,30,grow7_test_00008,0.0,47790538.32057515,0.0,0.0194117999635636,1.0,,,,grow7,GROW7,netlib,,
Rand,30,grow7_test_00009,0.0,47788954.95257182,0.0,0.0193779999390244,1.0,,,,grow7,GROW7,netlib,,
Rand,30,grow7_test_00010,0.0,47788971.41571057,0.0,0.0188941999804228,1.0,,,,grow7,GROW7,netlib,,
Rand,30,grow7_test_00011,0.0,47790820.71521506,0.0,0.0175761999562382,1.0,,,,grow7,GROW7,netlib,,
Rand,30,grow7_test_00000,0.0,47791245.32398097,0.0,0.019812099984847,1.0,,,,grow7,GROW7,netlib,,
Rand,30,grow7_test_00001,0.0,47789654.912793584,0.0,0.0184308999450877,1.0,,,,grow7,GROW7,netlib,,
Rand,30,grow7_test_00002,0.0,47789577.22636736,0.0,0.0240415999433025,1.0,,,,grow7,GROW7,netlib,,
Rand,30,grow7_test_00003,0.0,47793439.94186266,0.0,0.0181117000756785,1.0,,,,grow7,GROW7,netlib,,
Rand,30,grow7_test_00004,0.0,47790264.16330245,0.0,0.0193145999219268,1.0,,,,grow7,GROW7,netlib,,
Rand,30,grow7_test_00005,0.0,47788232.22720928,0.0,0.017797700013034,1.0,,,,grow7,GROW7,netlib,,
Rand,30,grow7_test_00006,0.0,47788355.0834065,0.0,0.0175682000117376,1.0,,,,grow7,GROW7,netlib,,
Rand,30,grow7_test_00007,0.0,47789429.89114975,0.0,0.0193663999671116,1.0,,,,grow7,GROW7,netlib,,
Rand,30,grow7_test_00008,0.0,47790538.32057515,0.0,0.0185738999862223,1.0,,,,grow7,GROW7,netlib,,
Rand,30,grow7_test_00009,0.0,47788954.95257182,0.0,0.024346400052309,1.0,,,,grow7,GROW7,netlib,,
Rand,30,grow7_test_00010,0.0,47788971.41571057,0.0,0.017528900061734,1.0,,,,grow7,GROW7,netlib,,
Rand,30,grow7_test_00011,0.0,47790820.71521506,0.0,0.0250710999825969,1.0,,,,grow7,GROW7,netlib,,
Rand,30,grow7_test_00000,0.0,47791245.32398097,0.0,0.0248854999663308,1.0,,,,grow7,GROW7,netlib,,
Rand,30,grow7_test_00001,0.0,47789654.912793584,0.0,0.0191628999309614,1.0,,,,grow7,GROW7,netlib,,
Rand,30,grow7_test_00002,0.0,47789577.22636736,0.0,0.0193347999593243,1.0,,,,grow7,GROW7,netlib,,
Rand,30,grow7_test_00003,0.0,47793439.94186266,0.0,0.0167296999134123,1.0,,,,grow7,GROW7,netlib,,
Rand,30,grow7_test_00004,0.0,47790264.16330245,0.0,0.0193656000774353,1.0,,,,grow7,GROW7,netlib,,
Rand,30,grow7_test_00005,0.0,47788232.22720928,0.0,0.0174059000564739,1.0,,,,grow7,GROW7,netlib,,
Rand,30,grow7_test_00006,0.0,47788355.0834065,0.0,0.02053610002622,1.0,,,,grow7,GROW7,netlib,,
Rand,30,grow7_test_00007,0.0,47789429.89114975,0.0,0.0176074000773951,1.0,,,,grow7,GROW7,netlib,,
Rand,30,grow7_test_00008,0.0,47790538.32057515,0.0,0.0196787999011576,1.0,,,,grow7,GROW7,netlib,,
Rand,30,grow7_test_00009,0.0,47788954.95257182,0.0,0.019480500021018,1.0,,,,grow7,GROW7,netlib,,
Rand,30,grow7_test_00010,0.0,47788971.41571057,0.0,0.0220678999321535,1.0,,,,grow7,GROW7,netlib,,
Rand,30,grow7_test_00011,0.0,47790820.71521506,0.0,0.0187917000148445,1.0,,,,grow7,GROW7,netlib,,
PCA,30,grow7_test_00000,0.0,47791245.32398097,0.0,0.0388811000157147,1.0,,,,grow7,GROW7,netlib,,
PCA,30,grow7_test_00001,0.0,47789654.912793584,0.0,0.038601899985224,1.0,,,,grow7,GROW7,netlib,,
PCA,30,grow7_test_00002,0.0,47789577.22636736,0.0,0.0316978000337258,1.0,,,,grow7,GROW7,netlib,,
PCA,30,grow7_test_00003,0.0,47793439.94186266,0.0,0.0447743999538943,1.0,,,,grow7,GROW7,netlib,,
PCA,30,grow7_test_00004,0.0,47790264.16330245,0.0,0.0453559999587014,1.0,,,,grow7,GROW7,netlib,,
PCA,30,grow7_test_00005,0.0,47788232.22720928,0.0,0.0374677999643608,1.0,,,,grow7,GROW7,netlib,,
PCA,30,grow7_test_00006,0.0,47788355.0834065,0.0,0.0350204000715166,1.0,,,,grow7,GROW7,netlib,,
PCA,30,grow7_test_00007,0.0,47789429.89114975,0.0,0.037650900078006,1.0,,,,grow7,GROW7,netlib,,
PCA,30,grow7_test_00008,0.0,47790538.32057515,0.0,0.0344405000796541,1.0,,,,grow7,GROW7,netlib,,
PCA,30,grow7_test_00009,0.0,47788954.95257182,0.0,0.0348967000609263,1.0,,,,grow7,GROW7,netlib,,
PCA,30,grow7_test_00010,0.0,47788971.41571057,0.0,0.0359783000312745,1.0,,,,grow7,GROW7,netlib,,
PCA,30,grow7_test_00011,0.0,47790820.71521506,0.0,0.0406866000266745,1.0,,,,grow7,GROW7,netlib,,
SGA,30,grow7_test_00000,2070079.6928205085,47791245.32398097,0.0433150397899711,0.0496626000385731,1.0,,,,grow7,GROW7,netlib,,
SGA,30,grow7_test_00001,2070166.1719456865,47789654.912793584,0.0433182908669945,0.0479620000114664,1.0,,,,grow7,GROW7,netlib,,
SGA,30,grow7_test_00002,2070230.9650019608,47789577.22636736,0.0433197170838275,0.0617146000731736,1.0,,,,grow7,GROW7,netlib,,
SGA,30,grow7_test_00003,2070135.8741514685,47793439.94186266,0.0433142263178721,0.0488893999718129,1.0,,,,grow7,GROW7,netlib,,
SGA,30,grow7_test_00004,2070181.4785424515,47790264.16330245,0.0433180589140186,0.053092100075446,1.0,,,,grow7,GROW7,netlib,,
SGA,30,grow7_test_00005,2070239.949378319,47788232.22720928,0.0433211243206352,0.0498182999435812,1.0,,,,grow7,GROW7,netlib,,
SGA,30,grow7_test_00006,2070237.200881941,47788355.0834065,0.0433209554350362,0.0463067999808117,1.0,,,,grow7,GROW7,netlib,,
SGA,30,grow7_test_00007,2070231.3171117764,47789429.89114975,0.043319858006826,0.0571776999859139,1.0,,,,grow7,GROW7,netlib,,
SGA,30,grow7_test_00008,2070129.4890780149,47790538.32057515,0.043316722552731,0.0525445999810472,1.0,,,,grow7,GROW7,netlib,,
SGA,30,grow7_test_00009,2070277.1615110345,47788954.95257182,0.0433212478399178,0.0513146999292075,1.0,,,,grow7,GROW7,netlib,,
SGA,30,grow7_test_00010,2070230.2471668213,47788971.41571057,0.0433202512177576,0.0444570999825373,1.0,,,,grow7,GROW7,netlib,,
SGA,30,grow7_test_00011,2070180.7308112816,47790820.71521506,0.0433175388041035,0.0523471999913454,1.0,,,,grow7,GROW7,netlib,,
CostOnly,30,grow7_test_00000,13.969245531741675,47791245.323980615,2.922971652452884e-07,0.0426385999890044,1.0,13.969245531741675,5342804.398036261,118.0,grow7,GROW7,netlib,,
CostOnly,30,grow7_test_00001,13.969739915614216,47789654.91279318,2.923172377182106e-07,0.0476894000312313,1.0,13.969739915614216,5342804.393282597,119.0,grow7,GROW7,netlib,,
CostOnly,30,grow7_test_00002,13.968669204613043,47789577.22636727,2.922953082101345e-07,0.0482404000358656,1.0,13.968669204613043,5342804.394491398,118.0,grow7,GROW7,netlib,,
CostOnly,30,grow7_test_00003,13.969144752439416,47793439.94186278,2.922816346643359e-07,0.0456449999473989,1.0,13.969144752439416,5342804.3892969685,118.0,grow7,GROW7,netlib,,
CostOnly,30,grow7_test_00004,13.969268340888828,47790264.163303286,2.923036435445237e-07,0.049362999969162,1.0,13.969268340888828,5342804.3892969685,118.0,grow7,GROW7,netlib,,
CostOnly,30,grow7_test_00005,13.968500273094367,47788232.22720969,2.9229999985521495e-07,0.0446022000396624,1.0,13.968500273094367,5342804.3892969685,118.0,grow7,GROW7,netlib,,
CostOnly,30,grow7_test_00006,13.967605364738356,47788355.08337842,2.92280521904729e-07,0.0508097000420093,1.0,13.967605364738356,5342804.3892969685,118.0,grow7,GROW7,netlib,,
CostOnly,30,grow7_test_00007,13.969642018828129,47789429.89114942,2.9231656562229255e-07,0.0353564999531954,1.0,13.969642018828129,5342804.3892969685,118.0,grow7,GROW7,netlib,,
CostOnly,30,grow7_test_00008,13.97039568067863,47790538.32057546,2.923255558865278e-07,0.0424489999422803,1.0,13.97039568067863,5342804.398277363,120.0,grow7,GROW7,netlib,,
CostOnly,30,grow7_test_00009,13.96800603057633,47788954.95257244,2.922852371314399e-07,0.0375358000164851,1.0,13.96800603057633,5342804.3892969685,118.0,grow7,GROW7,netlib,,
CostOnly,30,grow7_test_00010,13.969388391456144,47788971.41571027,2.923140627978407e-07,0.0396816000575199,1.0,13.969388391456144,5342804.3892969685,118.0,grow7,GROW7,netlib,,
CostOnly,30,grow7_test_00011,13.97036066268771,47790820.71521496,2.923230958082297e-07,0.0441220999928191,1.0,13.97036066268771,5342804.397504942,119.0,grow7,GROW7,netlib,,
Rand,40,grow7_test_00000,0.0,47791245.32398097,0.0,0.0351425999542698,1.0,,,,grow7,GROW7,netlib,,
Rand,40,grow7_test_00001,0.0,47789654.912793584,0.0,0.035377399995923,1.0,,,,grow7,GROW7,netlib,,
Rand,40,grow7_test_00002,0.0,47789577.22636736,0.0,0.0394829999422654,1.0,,,,grow7,GROW7,netlib,,
Rand,40,grow7_test_00003,0.0,47793439.94186266,0.0,0.037393599981442,1.0,,,,grow7,GROW7,netlib,,
Rand,40,grow7_test_00004,0.0,47790264.16330245,0.0,0.0249258000403642,1.0,,,,grow7,GROW7,netlib,,
Rand,40,grow7_test_00005,0.0,47788232.22720928,0.0,0.0305504000280052,1.0,,,,grow7,GROW7,netlib,,
Rand,40,grow7_test_00006,0.0,47788355.0834065,0.0,0.0230127000249922,1.0,,,,grow7,GROW7,netlib,,
Rand,40,grow7_test_00007,0.0,47789429.89114975,0.0,0.0324794999323785,1.0,,,,grow7,GROW7,netlib,,
Rand,40,grow7_test_00008,0.0,47790538.32057515,0.0,0.0311868999851867,1.0,,,,grow7,GROW7,netlib,,
Rand,40,grow7_test_00009,0.0,47788954.95257182,0.0,0.0265819000778719,1.0,,,,grow7,GROW7,netlib,,
Rand,40,grow7_test_00010,0.0,47788971.41571057,0.0,0.0244389000581577,1.0,,,,grow7,GROW7,netlib,,
Rand,40,grow7_test_00011,0.0,47790820.71521506,0.0,0.0339329000562429,1.0,,,,grow7,GROW7,netlib,,
Rand,40,grow7_test_00000,0.0,47791245.32398097,0.0,0.0263640000484883,1.0,,,,grow7,GROW7,netlib,,
Rand,40,grow7_test_00001,0.0,47789654.912793584,0.0,0.0245747999288141,1.0,,,,grow7,GROW7,netlib,,
Rand,40,grow7_test_00002,0.0,47789577.22636736,0.0,0.0265496999491006,1.0,,,,grow7,GROW7,netlib,,
Rand,40,grow7_test_00003,0.0,47793439.94186266,0.0,0.0232397000072523,1.0,,,,grow7,GROW7,netlib,,
Rand,40,grow7_test_00004,0.0,47790264.16330245,0.0,0.0240192000055685,1.0,,,,grow7,GROW7,netlib,,
Rand,40,grow7_test_00005,0.0,47788232.22720928,0.0,0.0272702000802382,1.0,,,,grow7,GROW7,netlib,,
Rand,40,grow7_test_00006,0.0,47788355.0834065,0.0,0.0306572000263258,1.0,,,,grow7,GROW7,netlib,,
Rand,40,grow7_test_00007,0.0,47789429.89114975,0.0,0.0229117000708356,1.0,,,,grow7,GROW7,netlib,,
Rand,40,grow7_test_00008,0.0,47790538.32057515,0.0,0.0232663000933825,1.0,,,,grow7,GROW7,netlib,,
Rand,40,grow7_test_00009,0.0,47788954.95257182,0.0,0.0231348000233992,1.0,,,,grow7,GROW7,netlib,,
Rand,40,grow7_test_00010,0.0,47788971.41571057,0.0,0.0360152999637648,1.0,,,,grow7,GROW7,netlib,,
Rand,40,grow7_test_00011,0.0,47790820.71521506,0.0,0.0270066000521183,1.0,,,,grow7,GROW7,netlib,,
Rand,40,grow7_test_00000,0.0,47791245.32398097,0.0,0.0235497000394389,1.0,,,,grow7,GROW7,netlib,,
Rand,40,grow7_test_00001,0.0,47789654.912793584,0.0,0.0250838999636471,1.0,,,,grow7,GROW7,netlib,,
Rand,40,grow7_test_00002,0.0,47789577.22636736,0.0,0.024424499948509,1.0,,,,grow7,GROW7,netlib,,
Rand,40,grow7_test_00003,0.0,47793439.94186266,0.0,0.02685299993027,1.0,,,,grow7,GROW7,netlib,,
Rand,40,grow7_test_00004,0.0,47790264.16330245,0.0,0.0207223000470548,1.0,,,,grow7,GROW7,netlib,,
Rand,40,grow7_test_00005,0.0,47788232.22720928,0.0,0.0364270999561995,1.0,,,,grow7,GROW7,netlib,,
Rand,40,grow7_test_00006,0.0,47788355.0834065,0.0,0.0424640000564977,1.0,,,,grow7,GROW7,netlib,,
Rand,40,grow7_test_00007,0.0,47789429.89114975,0.0,0.0292561000678688,1.0,,,,grow7,GROW7,netlib,,
Rand,40,grow7_test_00008,0.0,47790538.32057515,0.0,0.0204250999959185,1.0,,,,grow7,GROW7,netlib,,
Rand,40,grow7_test_00009,0.0,47788954.95257182,0.0,0.0200986999552696,1.0,,,,grow7,GROW7,netlib,,
Rand,40,grow7_test_00010,0.0,47788971.41571057,0.0,0.0259552999632433,1.0,,,,grow7,GROW7,netlib,,
Rand,40,grow7_test_00011,0.0,47790820.71521506,0.0,0.0224823999451473,1.0,,,,grow7,GROW7,netlib,,
PCA,40,grow7_test_00000,0.0,47791245.32398097,0.0,0.0362643999978899,1.0,,,,grow7,GROW7,netlib,,
PCA,40,grow7_test_00001,0.0,47789654.912793584,0.0,0.0407852999633178,1.0,,,,grow7,GROW7,netlib,,
PCA,40,grow7_test_00002,0.0,47789577.22636736,0.0,0.0359017000300809,1.0,,,,grow7,GROW7,netlib,,
PCA,40,grow7_test_00003,0.0,47793439.94186266,0.0,0.0380760000552982,1.0,,,,grow7,GROW7,netlib,,
PCA,40,grow7_test_00004,0.0,47790264.16330245,0.0,0.0366955999052152,1.0,,,,grow7,GROW7,netlib,,
PCA,40,grow7_test_00005,0.0,47788232.22720928,0.0,0.0413217000896111,1.0,,,,grow7,GROW7,netlib,,
PCA,40,grow7_test_00006,0.0,47788355.0834065,0.0,0.036430999985896,1.0,,,,grow7,GROW7,netlib,,
PCA,40,grow7_test_00007,0.0,47789429.89114975,0.0,0.0413175000576302,1.0,,,,grow7,GROW7,netlib,,
PCA,40,grow7_test_00008,0.0,47790538.32057515,0.0,0.040213800035417,1.0,,,,grow7,GROW7,netlib,,
PCA,40,grow7_test_00009,0.0,47788954.95257182,0.0,0.0416943000163883,1.0,,,,grow7,GROW7,netlib,,
PCA,40,grow7_test_00010,0.0,47788971.41571057,0.0,0.0467012000735849,1.0,,,,grow7,GROW7,netlib,,
PCA,40,grow7_test_00011,0.0,47790820.71521506,0.0,0.0348516000667586,1.0,,,,grow7,GROW7,netlib,,
SGA,40,grow7_test_00000,2070079.6928205085,47791245.32398097,0.0433150397899711,0.0596883000107482,1.0,,,,grow7,GROW7,netlib,,
SGA,40,grow7_test_00001,2070166.1719456865,47789654.912793584,0.0433182908669945,0.0450964999618008,1.0,,,,grow7,GROW7,netlib,,
SGA,40,grow7_test_00002,2070230.9650019608,47789577.22636736,0.0433197170838275,0.047590099973604,1.0,,,,grow7,GROW7,netlib,,
SGA,40,grow7_test_00003,2070135.8741514685,47793439.94186266,0.0433142263178721,0.0674768999451771,1.0,,,,grow7,GROW7,netlib,,
SGA,40,grow7_test_00004,2070181.4785424515,47790264.16330245,0.0433180589140186,0.0557642999337986,1.0,,,,grow7,GROW7,netlib,,
SGA,40,grow7_test_00005,2070239.949378319,47788232.22720928,0.0433211243206352,0.0542719000950455,1.0,,,,grow7,GROW7,netlib,,
SGA,40,grow7_test_00006,2070237.200881941,47788355.0834065,0.0433209554350362,0.0526713000144809,1.0,,,,grow7,GROW7,netlib,,
SGA,40,grow7_test_00007,2070231.3171117764,47789429.89114975,0.043319858006826,0.0532056000083684,1.0,,,,grow7,GROW7,netlib,,
SGA,40,grow7_test_00008,2070129.4890780149,47790538.32057515,0.043316722552731,0.050556999980472,1.0,,,,grow7,GROW7,netlib,,
SGA,40,grow7_test_00009,2070277.1615110345,47788954.95257182,0.0433212478399178,0.0450630000559613,1.0,,,,grow7,GROW7,netlib,,
SGA,40,grow7_test_00010,2070230.2471668213,47788971.41571057,0.0433202512177576,0.0491374999983236,1.0,,,,grow7,GROW7,netlib,,
SGA,40,grow7_test_00011,2070180.7308112816,47790820.71521506,0.0433175388041035,0.0549558000639081,1.0,,,,grow7,GROW7,netlib,,
CostOnly,40,grow7_test_00000,666447.7102760572,47791245.323980615,0.0139449747701311,0.0679270999971777,1.0,666447.7102760572,5309011.099559587,262.0,grow7,GROW7,netlib,,
CostOnly,40,grow7_test_00001,666396.8470300122,47789654.91279318,0.0139443745355779,0.0667115000542253,1.0,666396.8470300122,5309012.887970834,262.0,grow7,GROW7,netlib,,
CostOnly,40,grow7_test_00002,666472.7324042105,47789577.22636727,0.0139459851098346,0.0619947999948635,1.0,666472.7324042105,5309010.296585559,262.0,grow7,GROW7,netlib,,
CostOnly,40,grow7_test_00003,666553.060968842,47793439.94186278,0.013946538725391,0.0720809999620541,1.0,666553.060968842,5309009.582915055,262.0,grow7,GROW7,netlib,,
CostOnly,40,grow7_test_00004,666485.1715269169,47790264.163303286,0.0139460449360455,0.0655653999419882,1.0,666485.1715269169,5309010.383423359,262.0,grow7,GROW7,netlib,,
CostOnly,40,grow7_test_00005,666556.29553707,47788232.22720969,0.0139481262325821,0.0723685999400913,1.0,666556.29553707,5309006.810013161,262.0,grow7,GROW7,netlib,,
CostOnly,40,grow7_test_00006,666596.8967423763,47788355.08337842,0.0139489399787738,0.0678595000645145,1.0,666596.8967423763,5309005.30734509,262.0,grow7,GROW7,netlib,,
CostOnly,40,grow7_test_00007,666438.0281798242,47789429.89114942,0.0139453019150422,0.0740093999775126,1.0,666438.0281798242,5309010.782300372,262.0,grow7,GROW7,netlib,,
CostOnly,40,grow7_test_00008,666331.3996751262,47790538.32057546,0.0139427473113071,0.0675089999567717,1.0,666331.3996751262,5309014.606273418,262.0,grow7,GROW7,netlib,,
CostOnly,40,grow7_test_00009,666557.4946619961,47788954.95257244,0.0139479403833691,0.0589716000249609,1.0,666557.4946619961,5309006.376003182,262.0,grow7,GROW7,netlib,,
CostOnly,40,grow7_test_00010,666412.124064226,47788971.41571027,0.0139448936506122,0.0694849999854341,1.0,666412.124064226,5309011.167925082,262.0,grow7,GROW7,netlib,,
CostOnly,40,grow7_test_00011,666355.5973258232,47790820.71521496,0.0139431712482325,0.0807102000107988,1.0,666355.5973258232,5309014.274941925,262.0,grow7,GROW7,netlib,,
Rand,50,grow7_test_00000,0.0,47791245.32398097,0.0,0.0435913000255823,1.0,,,,grow7,GROW7,netlib,,
Rand,50,grow7_test_00001,0.0,47789654.912793584,0.0,0.0339213000843301,1.0,,,,grow7,GROW7,netlib,,
Rand,50,grow7_test_00002,0.0,47789577.22636736,0.0,0.0453724999679252,1.0,,,,grow7,GROW7,netlib,,
Rand,50,grow7_test_00003,0.0,47793439.94186266,0.0,0.0334136999445036,1.0,,,,grow7,GROW7,netlib,,
Rand,50,grow7_test_00004,0.0,47790264.16330245,0.0,0.0293002999387681,1.0,,,,grow7,GROW7,netlib,,
Rand,50,grow7_test_00005,0.0,47788232.22720928,0.0,0.0397335999878123,1.0,,,,grow7,GROW7,netlib,,
Rand,50,grow7_test_00006,0.0,47788355.0834065,0.0,0.033444800064899,1.0,,,,grow7,GROW7,netlib,,
Rand,50,grow7_test_00007,0.0,47789429.89114975,0.0,0.0296657000435516,1.0,,,,grow7,GROW7,netlib,,
Rand,50,grow7_test_00008,0.0,47790538.32057515,0.0,0.0339851999888196,1.0,,,,grow7,GROW7,netlib,,
Rand,50,grow7_test_00009,0.0,47788954.95257182,0.0,0.032575000077486,1.0,,,,grow7,GROW7,netlib,,
Rand,50,grow7_test_00010,0.0,47788971.41571057,0.0,0.0305276999715715,1.0,,,,grow7,GROW7,netlib,,
Rand,50,grow7_test_00011,0.0,47790820.71521506,0.0,0.0354024999542161,1.0,,,,grow7,GROW7,netlib,,
Rand,50,grow7_test_00000,0.0,47791245.32398097,0.0,0.0326936999335885,1.0,,,,grow7,GROW7,netlib,,
Rand,50,grow7_test_00001,0.0,47789654.912793584,0.0,0.0290832000318914,1.0,,,,grow7,GROW7,netlib,,
Rand,50,grow7_test_00002,0.0,47789577.22636736,0.0,0.0212546000257134,1.0,,,,grow7,GROW7,netlib,,
Rand,50,grow7_test_00003,0.0,47793439.94186266,0.0,0.0336695000296458,1.0,,,,grow7,GROW7,netlib,,
Rand,50,grow7_test_00004,0.0,47790264.16330245,0.0,0.0261913000140339,1.0,,,,grow7,GROW7,netlib,,
Rand,50,grow7_test_00005,0.0,47788232.22720928,0.0,0.0360842000227421,1.0,,,,grow7,GROW7,netlib,,
Rand,50,grow7_test_00006,0.0,47788355.0834065,0.0,0.0313064999645575,1.0,,,,grow7,GROW7,netlib,,
Rand,50,grow7_test_00007,0.0,47789429.89114975,0.0,0.0285909000085666,1.0,,,,grow7,GROW7,netlib,,
Rand,50,grow7_test_00008,0.0,47790538.32057515,0.0,0.0328351000789552,1.0,,,,grow7,GROW7,netlib,,
Rand,50,grow7_test_00009,0.0,47788954.95257182,0.0,0.0328936999430879,1.0,,,,grow7,GROW7,netlib,,
Rand,50,grow7_test_00010,0.0,47788971.41571057,0.0,0.03093699994497,1.0,,,,grow7,GROW7,netlib,,
Rand,50,grow7_test_00011,0.0,47790820.71521506,0.0,0.029612100101076,1.0,,,,grow7,GROW7,netlib,,
Rand,50,grow7_test_00000,0.0,47791245.32398097,0.0,0.0317473999457433,1.0,,,,grow7,GROW7,netlib,,
Rand,50,grow7_test_00001,0.0,47789654.912793584,0.0,0.0330722999060526,1.0,,,,grow7,GROW7,netlib,,
Rand,50,grow7_test_00002,0.0,47789577.22636736,0.0,0.035407799994573,1.0,,,,grow7,GROW7,netlib,,
Rand,50,grow7_test_00003,0.0,47793439.94186266,0.0,0.0448365999618545,1.0,,,,grow7,GROW7,netlib,,
Rand,50,grow7_test_00004,0.0,47790264.16330245,0.0,0.0392915999982506,1.0,,,,grow7,GROW7,netlib,,
Rand,50,grow7_test_00005,0.0,47788232.22720928,0.0,0.0414154999889433,1.0,,,,grow7,GROW7,netlib,,
Rand,50,grow7_test_00006,0.0,47788355.0834065,0.0,0.0301202000118792,1.0,,,,grow7,GROW7,netlib,,
Rand,50,grow7_test_00007,0.0,47789429.89114975,0.0,0.0277422000654041,1.0,,,,grow7,GROW7,netlib,,
Rand,50,grow7_test_00008,0.0,47790538.32057515,0.0,0.0262878999346867,1.0,,,,grow7,GROW7,netlib,,
Rand,50,grow7_test_00009,0.0,47788954.95257182,0.0,0.0348197999410331,1.0,,,,grow7,GROW7,netlib,,
Rand,50,grow7_test_00010,0.0,47788971.41571057,0.0,0.0320942000253126,1.0,,,,grow7,GROW7,netlib,,
Rand,50,grow7_test_00011,0.0,47790820.71521506,0.0,0.04086940002162,1.0,,,,grow7,GROW7,netlib,,
PCA,50,grow7_test_00000,0.0,47791245.32398097,0.0,0.0557336000492796,1.0,,,,grow7,GROW7,netlib,,
PCA,50,grow7_test_00001,0.0,47789654.912793584,0.0,0.0493928999640047,1.0,,,,grow7,GROW7,netlib,,
PCA,50,grow7_test_00002,0.0,47789577.22636736,0.0,0.0492762000067159,1.0,,,,grow7,GROW7,netlib,,
PCA,50,grow7_test_00003,0.0,47793439.94186266,0.0,0.0439061999786645,1.0,,,,grow7,GROW7,netlib,,
PCA,50,grow7_test_00004,0.0,47790264.16330245,0.0,0.0450002999277785,1.0,,,,grow7,GROW7,netlib,,
PCA,50,grow7_test_00005,0.0,47788232.22720928,0.0,0.0546275000087916,1.0,,,,grow7,GROW7,netlib,,
PCA,50,grow7_test_00006,0.0,47788355.0834065,0.0,0.0462972000241279,1.0,,,,grow7,GROW7,netlib,,
PCA,50,grow7_test_00007,0.0,47789429.89114975,0.0,0.0394568000920116,1.0,,,,grow7,GROW7,netlib,,
PCA,50,grow7_test_00008,0.0,47790538.32057515,0.0,0.0473261000588536,1.0,,,,grow7,GROW7,netlib,,
PCA,50,grow7_test_00009,0.0,47788954.95257182,0.0,0.0397731999401003,1.0,,,,grow7,GROW7,netlib,,
PCA,50,grow7_test_00010,0.0,47788971.41571057,0.0,0.0438905999762937,1.0,,,,grow7,GROW7,netlib,,
PCA,50,grow7_test_00011,0.0,47790820.71521506,0.0,0.058925199904479,1.0,,,,grow7,GROW7,netlib,,
SGA,50,grow7_test_00000,2070079.6928205085,47791245.32398097,0.0433150397899711,0.0756020999979227,1.0,,,,grow7,GROW7,netlib,,
SGA,50,grow7_test_00001,2070166.1719456865,47789654.912793584,0.0433182908669945,0.0641947999829426,1.0,,,,grow7,GROW7,netlib,,
SGA,50,grow7_test_00002,2070230.9650019608,47789577.22636736,0.0433197170838275,0.0595056000165641,1.0,,,,grow7,GROW7,netlib,,
SGA,50,grow7_test_00003,2070135.8741514685,47793439.94186266,0.0433142263178721,0.0712265000911429,1.0,,,,grow7,GROW7,netlib,,
SGA,50,grow7_test_00004,2070181.4785424515,47790264.16330245,0.0433180589140186,0.0573064000345766,1.0,,,,grow7,GROW7,netlib,,
SGA,50,grow7_test_00005,2070239.949378319,47788232.22720928,0.0433211243206352,0.0537833999842405,1.0,,,,grow7,GROW7,netlib,,
SGA,50,grow7_test_00006,2070237.200881941,47788355.0834065,0.0433209554350362,0.0561998999910429,1.0,,,,grow7,GROW7,netlib,,
SGA,50,grow7_test_00007,2070231.3171117764,47789429.89114975,0.043319858006826,0.054096300038509,1.0,,,,grow7,GROW7,netlib,,
SGA,50,grow7_test_00008,2070129.4890780149,47790538.32057515,0.043316722552731,0.0556223000166937,1.0,,,,grow7,GROW7,netlib,,
SGA,50,grow7_test_00009,2070277.1615110345,47788954.95257182,0.0433212478399178,0.0548685999820008,1.0,,,,grow7,GROW7,netlib,,
SGA,50,grow7_test_00010,2070230.2471668213,47788971.41571057,0.0433202512177576,0.0584088999312371,1.0,,,,grow7,GROW7,netlib,,
SGA,50,grow7_test_00011,2070180.7308112816,47790820.71521506,0.0433175388041035,0.0524362999713048,1.0,,,,grow7,GROW7,netlib,,
CostOnly,50,grow7_test_00000,28343083.7171718,47791245.323980615,0.5930601624844006,0.0689725000411272,1.0,28343083.7171718,4796618.06678344,276.0,grow7,GROW7,netlib,,
CostOnly,50,grow7_test_00001,28343339.98742551,47789654.91279318,0.5930852616355273,0.1072411999339237,1.0,28343339.98742551,4796616.908567162,276.0,grow7,GROW7,netlib,,
CostOnly,50,grow7_test_00002,28343435.48427679,47789577.22636727,0.5930882240288721,0.0846320999553427,1.0,28343435.48427679,4796617.857912615,276.0,grow7,GROW7,netlib,,
CostOnly,50,grow7_test_00003,28343181.21716235,47793439.94186278,0.5930349698962819,0.0944946000818163,1.0,28343181.21716235,4796616.567594298,276.0,grow7,GROW7,netlib,,
CostOnly,50,grow7_test_00004,28343414.55243449,47790264.163303286,0.5930792609888637,0.0946370000019669,1.0,28343414.55243449,4796618.171274473,276.0,grow7,GROW7,netlib,,
CostOnly,50,grow7_test_00005,28343364.518694792,47788232.22720969,0.5931034314878179,0.0836733999894931,1.0,28343364.518694792,4796616.551140216,276.0,grow7,GROW7,netlib,,
CostOnly,50,grow7_test_00006,28343228.05583952,47788355.08337842,0.5930990511472483,0.0717932999832555,1.0,28343228.05583952,4796615.728150055,276.0,grow7,GROW7,netlib,,
CostOnly,50,grow7_test_00007,28343837.599014204,47789429.89114942,0.5930984668277759,0.0777758999029174,1.0,28343837.599014204,4796618.560499493,276.0,grow7,GROW7,netlib,,
CostOnly,50,grow7_test_00008,28343956.44586794,47790538.32057546,0.5930871976318564,0.0844906001584604,1.0,28343956.44586794,4796617.966947012,276.0,grow7,GROW7,netlib,,
CostOnly,50,grow7_test_00009,28343555.46192764,47788954.95257244,0.5930984573748653,0.0629980000667274,1.0,28343555.46192764,4796618.131575989,276.0,grow7,GROW7,netlib,,
CostOnly,50,grow7_test_00010,28343726.16799559,47788971.41571027,0.5931018251352822,0.0821232000598684,1.0,28343726.16799559,4796618.335487949,276.0,grow7,GROW7,netlib,,
CostOnly,50,grow7_test_00011,28344074.787711043,47790820.71521496,0.5930861693422909,0.0714128001127392,1.0,28344074.787711043,4796617.795287829,276.0,grow7,GROW7,netlib,,
OursEstC,5,grow7_test_00000,47791071.49639354,47791245.323980615,0.9999963627734348,0.010856800014153123,1.0,,,,grow7,GROW7,netlib,20.0,Optimization terminated successfully. (HiGHS Status 7: Optimal)
OursEstC,10,grow7_test_00000,47791071.49639354,47791245.323980615,0.9999963627734348,0.010856800014153123,1.0,,,,grow7,GROW7,netlib,20.0,Optimization terminated successfully. (HiGHS Status 7: Optimal)
OursEstC,20,grow7_test_00000,47791071.49639354,47791245.323980615,0.9999963627734348,0.010856800014153123,1.0,,,,grow7,GROW7,netlib,20.0,Optimization terminated successfully. (HiGHS Status 7: Optimal)
OursEstC,30,grow7_test_00000,47791071.49639354,47791245.323980615,0.9999963627734348,0.010856800014153123,1.0,,,,grow7,GROW7,netlib,20.0,Optimization terminated successfully. (HiGHS Status 7: Optimal)
OursEstC,40,grow7_test_00000,47791071.49639354,47791245.323980615,0.9999963627734348,0.010856800014153123,1.0,,,,grow7,GROW7,netlib,20.0,Optimization terminated successfully. (HiGHS Status 7: Optimal)
OursEstC,50,grow7_test_00000,47791071.49639354,47791245.323980615,0.9999963627734348,0.010856800014153123,1.0,,,,grow7,GROW7,netlib,20.0,Optimization terminated successfully. (HiGHS Status 7: Optimal)
OursEstC,5,grow7_test_00001,47789373.6661022,47789654.91279318,0.9999941149043345,0.011665300000458956,1.0,,,,grow7,GROW7,netlib,20.0,Optimization terminated successfully. (HiGHS Status 7: Optimal)
OursEstC,10,grow7_test_00001,47789373.6661022,47789654.91279318,0.9999941149043345,0.011665300000458956,1.0,,,,grow7,GROW7,netlib,20.0,Optimization terminated successfully. (HiGHS Status 7: Optimal)
OursEstC,20,grow7_test_00001,47789373.6661022,47789654.91279318,0.9999941149043345,0.011665300000458956,1.0,,,,grow7,GROW7,netlib,20.0,Optimization terminated successfully. (HiGHS Status 7: Optimal)
OursEstC,30,grow7_test_00001,47789373.6661022,47789654.91279318,0.9999941149043345,0.011665300000458956,1.0,,,,grow7,GROW7,netlib,20.0,Optimization terminated successfully. (HiGHS Status 7: Optimal)
OursEstC,40,grow7_test_00001,47789373.6661022,47789654.91279318,0.9999941149043345,0.011665300000458956,1.0,,,,grow7,GROW7,netlib,20.0,Optimization terminated successfully. (HiGHS Status 7: Optimal)
OursEstC,50,grow7_test_00001,47789373.6661022,47789654.91279318,0.9999941149043345,0.011665300000458956,1.0,,,,grow7,GROW7,netlib,20.0,Optimization terminated successfully. (HiGHS Status 7: Optimal)
OursEstC,5,grow7_test_00002,47788605.70128971,47789577.226367265,0.999979670774802,0.01198770001064986,1.0,,,,grow7,GROW7,netlib,20.0,Optimization terminated successfully. (HiGHS Status 7: Optimal)
OursEstC,10,grow7_test_00002,47788605.70128971,47789577.226367265,0.999979670774802,0.01198770001064986,1.0,,,,grow7,GROW7,netlib,20.0,Optimization terminated successfully. (HiGHS Status 7: Optimal)
OursEstC,20,grow7_test_00002,47788605.70128971,47789577.226367265,0.999979670774802,0.01198770001064986,1.0,,,,grow7,GROW7,netlib,20.0,Optimization terminated successfully. (HiGHS Status 7: Optimal)
OursEstC,30,grow7_test_00002,47788605.70128971,47789577.226367265,0.999979670774802,0.01198770001064986,1.0,,,,grow7,GROW7,netlib,20.0,Optimization terminated successfully. (HiGHS Status 7: Optimal)
OursEstC,40,grow7_test_00002,47788605.70128971,47789577.226367265,0.999979670774802,0.01198770001064986,1.0,,,,grow7,GROW7,netlib,20.0,Optimization terminated successfully. (HiGHS Status 7: Optimal)
OursEstC,50,grow7_test_00002,47788605.70128971,47789577.226367265,0.999979670774802,0.01198770001064986,1.0,,,,grow7,GROW7,netlib,20.0,Optimization terminated successfully. (HiGHS Status 7: Optimal)
OursEstC,5,grow7_test_00003,47793395.45081253,47793439.94186278,0.9999990690971334,0.012567400000989437,1.0,,,,grow7,GROW7,netlib,20.0,Optimization terminated successfully. (HiGHS Status 7: Optimal)
OursEstC,10,grow7_test_00003,47793395.45081253,47793439.94186278,0.9999990690971334,0.012567400000989437,1.0,,,,grow7,GROW7,netlib,20.0,Optimization terminated successfully. (HiGHS Status 7: Optimal)
OursEstC,20,grow7_test_00003,47793395.45081253,47793439.94186278,0.9999990690971334,0.012567400000989437,1.0,,,,grow7,GROW7,netlib,20.0,Optimization terminated successfully. (HiGHS Status 7: Optimal)
OursEstC,30,grow7_test_00003,47793395.45081253,47793439.94186278,0.9999990690971334,0.012567400000989437,1.0,,,,grow7,GROW7,netlib,20.0,Optimization terminated successfully. (HiGHS Status 7: Optimal)
OursEstC,40,grow7_test_00003,47793395.45081253,47793439.94186278,0.9999990690971334,0.012567400000989437,1.0,,,,grow7,GROW7,netlib,20.0,Optimization terminated successfully. (HiGHS Status 7: Optimal)
OursEstC,50,grow7_test_00003,47793395.45081253,47793439.94186278,0.9999990690971334,0.012567400000989437,1.0,,,,grow7,GROW7,netlib,20.0,Optimization terminated successfully. (HiGHS Status 7: Optimal)
OursEstC,5,grow7_test_00004,47789827.0019524,47790264.163303286,0.9999908525018948,0.01215520000550896,1.0,,,,grow7,GROW7,netlib,20.0,Optimization terminated successfully. (HiGHS Status 7: Optimal)
OursEstC,10,grow7_test_00004,47789827.0019524,47790264.163303286,0.9999908525018948,0.01215520000550896,1.0,,,,grow7,GROW7,netlib,20.0,Optimization terminated successfully. (HiGHS Status 7: Optimal)
OursEstC,20,grow7_test_00004,47789827.0019524,47790264.163303286,0.9999908525018948,0.01215520000550896,1.0,,,,grow7,GROW7,netlib,20.0,Optimization terminated successfully. (HiGHS Status 7: Optimal)
OursEstC,30,grow7_test_00004,47789827.0019524,47790264.163303286,0.9999908525018948,0.01215520000550896,1.0,,,,grow7,GROW7,netlib,20.0,Optimization terminated successfully. (HiGHS Status 7: Optimal)
OursEstC,40,grow7_test_00004,47789827.0019524,47790264.163303286,0.9999908525018948,0.01215520000550896,1.0,,,,grow7,GROW7,netlib,20.0,Optimization terminated successfully. (HiGHS Status 7: Optimal)
OursEstC,50,grow7_test_00004,47789827.0019524,47790264.163303286,0.9999908525018948,0.01215520000550896,1.0,,,,grow7,GROW7,netlib,20.0,Optimization terminated successfully. (HiGHS Status 7: Optimal)
OursEstC,5,grow7_test_00005,47788029.77991574,47788232.22720969,0.9999957636580281,0.011663899989798665,1.0,,,,grow7,GROW7,netlib,20.0,Optimization terminated successfully. (HiGHS Status 7: Optimal)
OursEstC,10,grow7_test_00005,47788029.77991574,47788232.22720969,0.9999957636580281,0.011663899989798665,1.0,,,,grow7,GROW7,netlib,20.0,Optimization terminated successfully. (HiGHS Status 7: Optimal)
OursEstC,20,grow7_test_00005,47788029.77991574,47788232.22720969,0.9999957636580281,0.011663899989798665,1.0,,,,grow7,GROW7,netlib,20.0,Optimization terminated successfully. (HiGHS Status 7: Optimal)
OursEstC,30,grow7_test_00005,47788029.77991574,47788232.22720969,0.9999957636580281,0.011663899989798665,1.0,,,,grow7,GROW7,netlib,20.0,Optimization terminated successfully. (HiGHS Status 7: Optimal)
OursEstC,40,grow7_test_00005,47788029.77991574,47788232.22720969,0.9999957636580281,0.011663899989798665,1.0,,,,grow7,GROW7,netlib,20.0,Optimization terminated successfully. (HiGHS Status 7: Optimal)
OursEstC,50,grow7_test_00005,47788029.77991574,47788232.22720969,0.9999957636580281,0.011663899989798665,1.0,,,,grow7,GROW7,netlib,20.0,Optimization terminated successfully. (HiGHS Status 7: Optimal)
OursEstC,5,grow7_test_00006,47788047.077055134,47788355.08337842,0.9999935547829016,0.01134780002757907,1.0,,,,grow7,GROW7,netlib,20.0,Optimization terminated successfully. (HiGHS Status 7: Optimal)
OursEstC,10,grow7_test_00006,47788047.077055134,47788355.08337842,0.9999935547829016,0.01134780002757907,1.0,,,,grow7,GROW7,netlib,20.0,Optimization terminated successfully. (HiGHS Status 7: Optimal)
OursEstC,20,grow7_test_00006,47788047.077055134,47788355.08337842,0.9999935547829016,0.01134780002757907,1.0,,,,grow7,GROW7,netlib,20.0,Optimization terminated successfully. (HiGHS Status 7: Optimal)
OursEstC,30,grow7_test_00006,47788047.077055134,47788355.08337842,0.9999935547829016,0.01134780002757907,1.0,,,,grow7,GROW7,netlib,20.0,Optimization terminated successfully. (HiGHS Status 7: Optimal)
OursEstC,40,grow7_test_00006,47788047.077055134,47788355.08337842,0.9999935547829016,0.01134780002757907,1.0,,,,grow7,GROW7,netlib,20.0,Optimization terminated successfully. (HiGHS Status 7: Optimal)
OursEstC,50,grow7_test_00006,47788047.077055134,47788355.08337842,0.9999935547829016,0.01134780002757907,1.0,,,,grow7,GROW7,netlib,20.0,Optimization terminated successfully. (HiGHS Status 7: Optimal)
OursEstC,5,grow7_test_00007,47787612.171457425,47789429.89114942,0.9999619639804004,0.01546660007443279,1.0,,,,grow7,GROW7,netlib,20.0,Optimization terminated successfully. (HiGHS Status 7: Optimal)
OursEstC,10,grow7_test_00007,47787612.171457425,47789429.89114942,0.9999619639804004,0.01546660007443279,1.0,,,,grow7,GROW7,netlib,20.0,Optimization terminated successfully. (HiGHS Status 7: Optimal)
OursEstC,20,grow7_test_00007,47787612.171457425,47789429.89114942,0.9999619639804004,0.01546660007443279,1.0,,,,grow7,GROW7,netlib,20.0,Optimization terminated successfully. (HiGHS Status 7: Optimal)
OursEstC,30,grow7_test_00007,47787612.171457425,47789429.89114942,0.9999619639804004,0.01546660007443279,1.0,,,,grow7,GROW7,netlib,20.0,Optimization terminated successfully. (HiGHS Status 7: Optimal)
OursEstC,40,grow7_test_00007,47787612.171457425,47789429.89114942,0.9999619639804004,0.01546660007443279,1.0,,,,grow7,GROW7,netlib,20.0,Optimization terminated successfully. (HiGHS Status 7: Optimal)
OursEstC,50,grow7_test_00007,47787612.171457425,47789429.89114942,0.9999619639804004,0.01546660007443279,1.0,,,,grow7,GROW7,netlib,20.0,Optimization terminated successfully. (HiGHS Status 7: Optimal)
OursEstC,5,grow7_test_00008,47788233.363280624,47790538.32057546,0.9999517695892151,0.01583390007726848,1.0,,,,grow7,GROW7,netlib,20.0,Optimization terminated successfully. (HiGHS Status 7: Optimal)
OursEstC,10,grow7_test_00008,47788233.363280624,47790538.32057546,0.9999517695892151,0.01583390007726848,1.0,,,,grow7,GROW7,netlib,20.0,Optimization terminated successfully. (HiGHS Status 7: Optimal)
OursEstC,20,grow7_test_00008,47788233.363280624,47790538.32057546,0.9999517695892151,0.01583390007726848,1.0,,,,grow7,GROW7,netlib,20.0,Optimization terminated successfully. (HiGHS Status 7: Optimal)
OursEstC,30,grow7_test_00008,47788233.363280624,47790538.32057546,0.9999517695892151,0.01583390007726848,1.0,,,,grow7,GROW7,netlib,20.0,Optimization terminated successfully. (HiGHS Status 7: Optimal)
OursEstC,40,grow7_test_00008,47788233.363280624,47790538.32057546,0.9999517695892151,0.01583390007726848,1.0,,,,grow7,GROW7,netlib,20.0,Optimization terminated successfully. (HiGHS Status 7: Optimal)
OursEstC,50,grow7_test_00008,47788233.363280624,47790538.32057546,0.9999517695892151,0.01583390007726848,1.0,,,,grow7,GROW7,netlib,20.0,Optimization terminated successfully. (HiGHS Status 7: Optimal)
OursEstC,5,grow7_test_00009,47787245.76929526,47788954.952572435,0.9999642347634747,0.009783199988305569,1.0,,,,grow7,GROW7,netlib,20.0,Optimization terminated successfully. (HiGHS Status 7: Optimal)
OursEstC,10,grow7_test_00009,47787245.76929526,47788954.952572435,0.9999642347634747,0.009783199988305569,1.0,,,,grow7,GROW7,netlib,20.0,Optimization terminated successfully. (HiGHS Status 7: Optimal)
OursEstC,20,grow7_test_00009,47787245.76929526,47788954.952572435,0.9999642347634747,0.009783199988305569,1.0,,,,grow7,GROW7,netlib,20.0,Optimization terminated successfully. (HiGHS Status 7: Optimal)
OursEstC,30,grow7_test_00009,47787245.76929526,47788954.952572435,0.9999642347634747,0.009783199988305569,1.0,,,,grow7,GROW7,netlib,20.0,Optimization terminated successfully. (HiGHS Status 7: Optimal)
OursEstC,40,grow7_test_00009,47787245.76929526,47788954.952572435,0.9999642347634747,0.009783199988305569,1.0,,,,grow7,GROW7,netlib,20.0,Optimization terminated successfully. (HiGHS Status 7: Optimal)
OursEstC,50,grow7_test_00009,47787245.76929526,47788954.952572435,0.9999642347634747,0.009783199988305569,1.0,,,,grow7,GROW7,netlib,20.0,Optimization terminated successfully. (HiGHS Status 7: Optimal)
OursEstC,5,grow7_test_00010,47787534.80887256,47788971.41571027,0.9999699385277575,0.009629600099287927,1.0,,,,grow7,GROW7,netlib,20.0,Optimization terminated successfully. (HiGHS Status 7: Optimal)
OursEstC,10,grow7_test_00010,47787534.80887256,47788971.41571027,0.9999699385277575,0.009629600099287927,1.0,,,,grow7,GROW7,netlib,20.0,Optimization terminated successfully. (HiGHS Status 7: Optimal)
OursEstC,20,grow7_test_00010,47787534.80887256,47788971.41571027,0.9999699385277575,0.009629600099287927,1.0,,,,grow7,GROW7,netlib,20.0,Optimization terminated successfully. (HiGHS Status 7: Optimal)
OursEstC,30,grow7_test_00010,47787534.80887256,47788971.41571027,0.9999699385277575,0.009629600099287927,1.0,,,,grow7,GROW7,netlib,20.0,Optimization terminated successfully. (HiGHS Status 7: Optimal)
OursEstC,40,grow7_test_00010,47787534.80887256,47788971.41571027,0.9999699385277575,0.009629600099287927,1.0,,,,grow7,GROW7,netlib,20.0,Optimization terminated successfully. (HiGHS Status 7: Optimal)
OursEstC,50,grow7_test_00010,47787534.80887256,47788971.41571027,0.9999699385277575,0.009629600099287927,1.0,,,,grow7,GROW7,netlib,20.0,Optimization terminated successfully. (HiGHS Status 7: Optimal)
OursEstC,5,grow7_test_00011,47788721.8620311,47790820.71521496,0.999956082503869,0.0112927999580279,1.0,,,,grow7,GROW7,netlib,20.0,Optimization terminated successfully. (HiGHS Status 7: Optimal)
OursEstC,10,grow7_test_00011,47788721.8620311,47790820.71521496,0.999956082503869,0.0112927999580279,1.0,,,,grow7,GROW7,netlib,20.0,Optimization terminated successfully. (HiGHS Status 7: Optimal)
OursEstC,20,grow7_test_00011,47788721.8620311,47790820.71521496,0.999956082503869,0.0112927999580279,1.0,,,,grow7,GROW7,netlib,20.0,Optimization terminated successfully. (HiGHS Status 7: Optimal)
OursEstC,30,grow7_test_00011,47788721.8620311,47790820.71521496,0.999956082503869,0.0112927999580279,1.0,,,,grow7,GROW7,netlib,20.0,Optimization terminated successfully. (HiGHS Status 7: Optimal)
OursEstC,40,grow7_test_00011,47788721.8620311,47790820.71521496,0.999956082503869,0.0112927999580279,1.0,,,,grow7,GROW7,netlib,20.0,Optimization terminated successfully. (HiGHS Status 7: Optimal)
OursEstC,50,grow7_test_00011,47788721.8620311,47790820.71521496,0.999956082503869,0.0112927999580279,1.0,,,,grow7,GROW7,netlib,20.0,Optimization terminated successfully. (HiGHS Status 7: Optimal)
